fk_Id,to_table,multiplicity,table_Id
0,AB_Buchung,1:cn,1
1,AB_VorgangAnlage,1:cn,2
2,S_BuchJahr,1:cn,2
3,AB_Buchung,1:cn,3
4,A_FBereich,1:cn,4
5,A_AnlageBereich,1:cn,4
6,S_BuchJahr,1:cn,4
7,A_Ereignis,1:n,4
8,A_AnlageBereich,1:cn,5
9,S_BuchJahr,1:cn,5
10,A_AnlVersVertrag,1:cn,6
11,A_AnlageBereichAfA,1:cn,6
12,A_AnlageBereich,1:cn,6
13,S_BuchJahr,1:cn,6
14,AB_Leistung,1:cn,6
15,S_BuchJahr,1:cn,7
16,AB_Vorgang,1:cn,8
17,A_AnlageBereich,1:cn,8
18,AB_VorgangAnlage,1:cn,9
19,A_AnlVersVertrag,1:cn,10
20,A_AnlageBereichAfA,1:cn,10
21,A_Funktion,1:cn,10
22,A_AnlageBereich,1:cn,10
23,S_KostenStelle,1:cn,12
24,S_KostenStelle,1:cn,12
25,S_Anlage,1:cn,12
26,AMT_InvAssetHead,1:cn,12
27,AS_Buchung_Ver,1:cn,13
28,AS_Buchung_Ver,1:cn,14
29,AB_Vorgang,1:cn,15
30,AB_BuchungBezug,1:cn,15
31,S_BuchJahr,1:cn,15
32,A_Basis,1:cn,16
33,A_AnlageBereichAfA,1:cn,16
34,A_AnlageBereich,1:cn,16
35,A_AfAArt,1:cn,16
36,A_AfAArt,1:n,18
37,A_Basis,1:cn,19
38,A_AfAArt,1:cn,19
39,A_AfAArt,1:cn,20
40,A_Basis,1:cn,21
41,A_FBereich,1:cn,21
42,A_Index,1:cn,21
43,S_AnlageArt,1:cn,21
44,A_AfAArt,1:cn,21
45,A_AnlageArtBereich,1:cn,22
46,A_FBereich,1:cn,22
47,A_AfAArt,1:cn,22
48,A_AnlageArtBereich,1:cn,23
49,S_MengenEinheit,1:cn,23
50,A_FBereich,1:cn,23
51,S_BuchJahr,1:cn,23
52,S_BuchJahr,1:cn,23
53,A_Ereignis,1:cn,23
54,S_Anlage,1:cn,23
55,A_Index,1:cn,23
56,A_AfAArt,1:cn,23
57,A_FBereich,1:cn,24
58,A_AnlageBereich,1:cn,24
59,S_Anlage,1:cn,24
60,A_AfAArt,1:cn,24
61,A_AnlageBereich,1:cn,25
62,A_AnlageBereich,1:cn,26
63,A_AnlageBereich,1:cn,28
64,A_FBereich,1:cn,29
65,A_Versicherung,1:cn,29
66,A_VersVertrag,1:cn,29
67,A_Index,1:cn,29
68,S_AnlageArt,1:cn,29
69,A_FBereich,1:cn,30
70,A_Versicherung,1:cn,30
71,A_VersVertrag,1:cn,30
72,S_Anlage,1:cn,30
73,A_Index,1:cn,30
74,A_Basis,1:n,32
75,A_Funktion,1:cn,34
76,A_Bereich,1:cn,34
77,A_Bereich,1:n,35
78,S_Lieferant,1:cn,36
79,S_Konto,1:cn,36
80,S_Kunde,1:cn,36
81,FB_Buchung,1:cn,36
82,S_Anlage,1:cn,36
83,S_BuchJahr,1:cn,37
84,A_Bereich,1:cn,37
85,A_Funktion,1:n,40
86,A_Index,1:cn,42
87,A_Index,1:n,43
88,A_KontenGruppe,1:n,45
89,S_Konto,1:cn,46
90,A_Funktion,1:cn,46
91,A_KontenGruppe,1:cn,46
92,S_KostenArt,1:cn,46
93,A_FBereich,1:cn,47
94,A_FBereich,1:cn,47
95,A_FBereich,1:cn,47
96,S_Adresse,1:cn,48
97,A_Versicherung,1:n,49
98,A_FBereich,1:cn,50
99,A_Versicherung,1:cn,50
100,A_Bereich,1:cn,50
101,A_Index,1:cn,50
102,A_VersVertrag,1:n,51
103,DRC_Field,1:cn,52
104,BBC_DynQueryTable,1:cn,52
105,DRC_Index,1:cn,53
106,DRC_Table,1:cn,53
107,DRC_Field,1:cn,53
108,DRC_Field,1:cn,53
109,BBC_DynQueryTable,1:cn,53
110,BBC_DynQueryField,1:c1,54
111,DRC_WebObject,1:cn,55
112,DRC_Table,1:cn,55
113,BI_Export,1:cn,55
114,BBC_DynQueryTable,1:cn,55
115,DRC_Relation,1:cn,55
116,BB_Bereich,1:cn,56
117,BB_Bereich,1:cn,56
118,BBM_WflBPProcess,1:cn,57
119,BBM_WflBPProcess,1:cn,57
120,BBM_WflBusinessProcess,1:cn,57
121,BB_Vorgang,1:cn,58
122,BBM_WflBusinessProcess,1:cn,58
123,BB_Bereich,1:cn,59
124,S_AuftragsArt,1:cn,60
125,BBM_WflWrkGrpEvent,1:cn,60
126,BB_Bereich,1:cn,61
127,BBM_WflLockStatus,1:cn,62
128,BB_Bereich,1:cn,62
129,BB_Bereich,1:cn,63
130,BOT_Inbox,1:cn,63
131,BBM_WflWorkGroup,1:cn,64
132,BB_Ereignis,1:cn,64
133,BBM_WflBusinessProcess,1:cn,64
134,BBM_WflLockStatus,1:cn,64
135,BBM_WflWrkGrpEvent,1:cn,65
136,BBM_WflBPProcess,1:cn,65
137,BU_Benutzer,1:cn,65
138,BU_Benutzer,1:cn,65
139,BB_Hinweis,1:cn,66
140,BB_Vorgang,1:cn,66
141,BU_Benutzer,1:cn,66
142,BU_Benutzer,1:cn,66
143,BU_Benutzer,1:cn,66
144,BBT_WflBPInstHead,1:cn,66
145,BB_Bereich,1:cn,66
146,BBT_WflBPInstActivity,1:cn,67
147,S_AuftragsArt,1:cn,68
148,BBM_WflWorkGroup,1:cn,68
149,BB_Ereignis,1:cn,68
150,BU_Benutzer,1:cn,68
151,BU_Benutzer,1:cn,68
152,BB_Bereich,1:cn,68
153,BB_Hinweis,1:cn,69
154,BU_Benutzer,1:cn,69
155,BBT_WflBPInstActivity,1:cn,69
156,BBT_WflBPInstHead,1:cn,70
157,BBT_WflBPInstActivity,1:cn,70
158,BBT_WflBPInstActivity,1:cn,70
159,BBT_WflBPInstHead,1:cn,71
160,BBM_WflLockStatus,1:cn,71
161,BB_Bereich,1:cn,71
162,VC_Aktion,1:cn,72
163,VC_InterAktivitaet,1:cn,72
164,P_Aenderung,1:cn,72
165,MA_Prozess,1:cn,72
166,SD_Kopf,1:cn,72
167,S_KoTraeger,1:cn,72
168,E_RA_Kopf,1:cn,72
169,S_Lieferant,1:cn,72
170,EA_AnfKopf,1:cn,72
171,O_OrdnerDok,1:cn,72
172,P_StkKopf,1:cn,72
173,E_WE_Kopf,1:cn,72
174,VU_RA_Abruf,1:cn,72
175,S_Konto,1:cn,72
176,O_Ordner,1:cn,72
177,S_Kunde,1:cn,72
178,S_ErgKonto,1:cn,72
179,BJ_Job,1:cn,72
180,M_BelegKopf,1:cn,72
181,MS_SNR,1:cn,72
182,S_ErgTraeger,1:cn,72
183,PP_Auftrag,1:cn,72
184,S_TrKoArt,1:cn,72
185,PB_BdeToErpHead,1:cn,72
186,VS_Auftrag,1:cn,72
187,OD_Archive,1:cn,72
188,V_SendungKopf,1:cn,72
189,ML_EntnahmeKopf,1:cn,72
190,VC_Interessent,1:cn,72
191,M_Packmittel,1:cn,72
192,FB_KalkBuch,1:cn,72
193,MS_ProdAkte,1:cn,72
194,VU_RA_Pos,1:cn,72
195,MC_Charge,1:cn,72
196,ML_BewertKopf,1:cn,72
197,M_Aktivitaet,1:cn,72
198,JBT_ProjectStr,1:cn,72
199,EBT_DesAdv,1:cn,72
200,BOT_Outbox,1:cn,72
201,EBT_CallOrder,1:cn,72
202,EBT_PurchRelease,1:cn,72
203,FO_OP,1:cn,72
204,MDT_MRPSuggestion,1:cn,72
205,P_Zeichnung,1:cn,72
206,V_BelegKopf,1:cn,72
207,S_KostenArt,1:cn,72
208,M_Ressource,1:cn,72
209,S_Artikel,1:cn,72
210,OD_Dokumente,1:cn,72
211,PV_Kopf,1:cn,72
212,S_KostenStelle,1:cn,72
213,WS_Bestellung,1:cn,72
214,BOM_MessageType,1:cn,72
215,BBT_WflBPInstHead,1:cn,72
216,MMT_Picking,1:cn,72
217,VST_Call,1:cn,72
218,ML_BelegKopf,1:cn,72
219,BBM_WflLockStatus,1:cn,72
220,E_AB_Kopf,1:cn,72
221,BB_Bereich,1:cn,72
222,E_BelegKopf,1:cn,72
223,SA_WertKopf,1:cn,72
224,O_Cluster,1:cn,72
225,O_ClusterArchives,1:cn,72
226,OD_Volumen,1:cn,72
227,O_ClusterDocuments,1:cn,72
228,S_Anlage,1:cn,72
229,BOT_Inbox,1:cn,72
230,A_Stamm,1:cn,72
231,ER_BelegKopf,1:cn,72
232,PB_ErpToBdeHead,1:cn,72
233,VST_MaintContract,1:cn,72
234,AMT_InvAssetLine,1:cn,72
235,FOL_PmtDiffHead,1:cn,72
236,MLT_Withdrawal,1:cn,72
237,JBT_Project,1:cn,72
238,MA_Prozess,1:cn,73
239,S_Lieferant,1:cn,73
240,P_StkKopf,1:cn,73
241,S_Kunde,1:cn,73
242,MS_SNR,1:cn,73
243,PP_Auftrag,1:cn,73
244,VC_Interessent,1:cn,73
245,MC_Charge,1:cn,73
246,M_Aktivitaet,1:cn,73
247,P_Zeichnung,1:cn,73
248,SK_Kennzahl,1:cn,73
249,S_Artikel,1:cn,73
250,P_Index,1:cn,73
251,PV_Kopf,1:cn,73
252,BB_AenderungsGrund,1:n,75
253,DRC_Instance,1:cn,76
254,DRC_Instance,1:cn,76
255,DRC_Instance,1:cn,76
256,BB_Bereich,1:cn,76
257,BB_BenInfo,1:cn,77
258,BB_BenInfoAnzeige,1:n,78
259,BB_BenInfo,1:cn,79
260,BB_BenInfo,1:cn,80
261,BB_BenInfo,1:n,81
262,BB_Bereich,1:n,83
263,BB_Ereignis,1:cn,84
264,DRC_Instance,1:cn,84
265,BB_Bereich,1:cn,84
266,BB_Ereignis,1:n,85
267,BB_Hinweis,1:n,87
268,BB_Notizbuch,1:cn,88
269,BU_Benutzer,1:cn,89
270,S_Adresse,1:cn,90
271,BB_Ereignis,1:cn,91
272,DRC_Instance,1:cn,91
273,DRC_Instance,1:cn,91
274,DRC_Instance,1:cn,91
275,BB_Bereich,1:cn,91
276,BB_VorgangsKette,1:cn,92
277,BB_Vorgang,1:cn,92
278,BB_VorgangsKette,1:n,94
279,BB_Vorgang,1:cn,95
280,BB_Vorgang,1:n,96
281,BU_Benutzer,1:cn,97
282,BCM_Service,1:cn,97
283,BCM_Service,1:cn,99
284,BCM_SvceTypeAttrAlloc,1:cn,99
285,BCM_SvceAttribute,1:cn,101
286,BCR_Connection,1:cn,103
287,BCM_SvceAttrAlloc,1:cn,103
288,BCR_Connection,1:cn,104
289,BU_Benutzer,1:cn,104
290,BCM_Service,1:cn,104
291,BCR_Connection,1:cn,105
292,BCR_SemaphoreContext,1:cn,105
293,BCR_Connection,1:cn,106
294,BCM_SvceAttrAlloc,1:cn,108
295,BU_Benutzer,1:cn,108
296,BG_Kopf,1:cn,109
297,BG_Abschnitt,1:n,110
298,BG_Abschnitt,1:cn,112
299,BG_FKopf,1:cn,112
300,BG_UnterAbsch,1:cn,113
301,BT_Art,1:cn,113
302,BG_Feld,1:n,114
303,BG_FKopf,1:cn,115
304,BG_FAbschnitt,1:cn,115
305,BG_Feld,1:cn,115
306,BG_FFeld,1:n,116
307,BG_Kopf,1:cn,117
308,BG_FKopf,1:n,118
309,BG_FKopf,1:cn,119
310,BG_FKopf,1:cn,120
311,DRC_Instance,1:cn,121
312,DRC_Instance,1:cn,121
313,BG_Kopf,1:n,122
314,BG_FKopf,1:cn,123
315,BG_Kopf,1:cn,123
316,BG_Text,1:n,124
317,BG_Abschnitt,1:cn,125
318,BG_UnterAbsch,1:n,126
319,BJ_Drucker,1:cn,128
320,BJ_SteuerCode,1:cn,128
321,BJ_Drucker,1:n,130
322,BJ_Queue,1:cn,131
323,BU_Benutzer,1:cn,131
324,DRC_Instance,1:cn,131
325,BJ_Schnitt,1:cn,131
326,BJ_Maschine,1:cn,131
327,BJ_Queue,1:cn,132
328,BJ_Maschine,1:n,134
329,BJ_Schnitt,1:cn,135
330,BJ_Maschine,1:cn,135
331,DRC_Instance,1:cn,136
332,DRC_Instance,1:cn,136
333,BJ_Papier,1:n,137
334,DRC_Instance,1:cn,138
335,BJ_Schnitt,1:cn,138
336,BJ_Maschine,1:cn,138
337,BJ_QueueTyp,1:cn,138
338,D_Meldung,1:cn,139
339,BJ_Queue,1:cn,139
340,BJ_Job,1:cn,139
341,BJ_Spool,1:cn,139
342,BJ_QueueTyp,1:cn,140
343,BJ_QueueTyp,1:n,142
344,BJ_Papier,1:cn,143
345,BJ_Drucker,1:cn,143
346,BJ_Maschine,1:cn,143
347,BJ_Schnitt,1:n,144
348,BU_Benutzer,1:cn,145
349,DRC_Instance,1:cn,145
350,BJ_Schnitt,1:cn,145
351,BJ_SteuerCode,1:n,147
352,BL_Feld,1:cn,148
353,BLC_ReportLine,1:cn,148
354,BL_Art,1:cn,149
355,BLC_ReportSection,1:cn,150
356,BL_Abschnitt,1:cn,151
357,BLC_ReportLayout,1:cn,151
358,BL_Art,1:cn,152
359,BL_Abschnitt,1:n,153
360,DRC_Instance,1:cn,154
361,DRC_Instance,1:cn,154
362,BL_Art,1:n,155
363,BL_Abschnitt,1:cn,156
364,BT_Art,1:cn,156
365,BL_Art,1:cn,156
366,BS_Art,1:cn,156
367,BL_Feld,1:n,157
368,BL_Art,1:cn,158
369,BL_Sortierung,1:n,159
370,BG_FKopf,1:c1,161
371,BMC_PrintLayout,1:n,161
372,VC_Aktion,1:cn,162
373,VC_InterAktivitaet,1:cn,162
374,P_Aenderung,1:cn,162
375,MA_Prozess,1:cn,162
376,SD_Kopf,1:cn,162
377,S_KoTraeger,1:cn,162
378,E_RA_Kopf,1:cn,162
379,S_Lieferant,1:cn,162
380,EA_AnfKopf,1:cn,162
381,O_OrdnerDok,1:cn,162
382,P_StkKopf,1:cn,162
383,E_WE_Kopf,1:cn,162
384,VU_RA_Abruf,1:cn,162
385,S_Konto,1:cn,162
386,O_Ordner,1:cn,162
387,S_Kunde,1:cn,162
388,S_ErgKonto,1:cn,162
389,BJ_Job,1:cn,162
390,M_BelegKopf,1:cn,162
391,MS_SNR,1:cn,162
392,S_ErgTraeger,1:cn,162
393,PP_Auftrag,1:cn,162
394,S_TrKoArt,1:cn,162
395,PB_BdeToErpHead,1:cn,162
396,VS_Auftrag,1:cn,162
397,OD_Archive,1:cn,162
398,V_SendungKopf,1:cn,162
399,ML_EntnahmeKopf,1:cn,162
400,VC_Interessent,1:cn,162
401,M_Packmittel,1:cn,162
402,FB_KalkBuch,1:cn,162
403,MS_ProdAkte,1:cn,162
404,VU_RA_Pos,1:cn,162
405,MC_Charge,1:cn,162
406,ML_BewertKopf,1:cn,162
407,M_Aktivitaet,1:cn,162
408,JBT_ProjectStr,1:cn,162
409,EBT_DesAdv,1:cn,162
410,EBT_CallOrder,1:cn,162
411,EBT_PurchRelease,1:cn,162
412,FO_OP,1:cn,162
413,MDT_MRPSuggestion,1:cn,162
414,P_Zeichnung,1:cn,162
415,V_BelegKopf,1:cn,162
416,S_KostenArt,1:cn,162
417,M_Ressource,1:cn,162
418,S_Artikel,1:cn,162
419,OD_Dokumente,1:cn,162
420,PV_Kopf,1:cn,162
421,S_KostenStelle,1:cn,162
422,WS_Bestellung,1:cn,162
423,BOM_MessageType,1:cn,162
424,MMT_Picking,1:cn,162
425,VST_Call,1:cn,162
426,ML_BelegKopf,1:cn,162
427,E_AB_Kopf,1:cn,162
428,E_BelegKopf,1:cn,162
429,SA_WertKopf,1:cn,162
430,O_Cluster,1:cn,162
431,O_ClusterArchives,1:cn,162
432,OD_Volumen,1:cn,162
433,O_ClusterDocuments,1:cn,162
434,S_Anlage,1:cn,162
435,ER_BelegKopf,1:cn,162
436,PB_ErpToBdeHead,1:cn,162
437,VST_MaintContract,1:cn,162
438,AMT_InvAssetLine,1:cn,162
439,FOL_PmtDiffHead,1:cn,162
440,MLT_Withdrawal,1:cn,162
441,JBT_Project,1:cn,162
442,BB_Bereich,1:cn,163
443,BMT_Note,1:cn,163
444,BOT_Inbox,1:cn,164
445,BOT_Outbox,1:cn,165
446,BOM_Participant,1:cn,166
447,BOM_MessageType,1:cn,166
448,BOM_AffiliateType,1:cn,166
449,S_Lieferant,1:cn,167
450,S_Kunde,1:cn,167
451,BOM_Participant,1:cn,167
452,BOM_Participant,1:cn,167
453,WS_Firma,1:cn,167
454,BOM_Participant,1:cn,168
455,BOM_Mapping,1:cn,169
456,BBM_WflWorkGroup,1:cn,170
457,DRC_Instance,1:cn,170
458,BOM_AffiliateMsgType,1:cn,171
459,S_Firma,1:cn,172
460,BOM_Participant,1:cn,173
461,BOM_Participant,1:cn,173
462,BOM_ReplicationTable,1:cn,174
463,BOM_Mapping,1:cn,174
464,DRC_Field,1:cn,174
465,BOM_ReplicationTable,1:cn,175
466,DRC_Table,1:cn,175
467,BOM_ReplicationVersion,1:cn,175
468,DRC_Relation,1:cn,175
469,DRC_Instance,1:cn,176
470,BOM_Replication,1:cn,176
471,BOM_Participant,1:cn,178
472,BOM_Participant,1:cn,178
473,BOM_MessageType,1:cn,178
474,BOT_Inbox,1:cn,179
475,BOM_Participant,1:cn,180
476,BOM_MessageType,1:cn,180
477,BOM_Participant,1:cn,181
478,BOM_Participant,1:cn,181
479,BOM_MessageType,1:cn,181
480,BOT_Outbox,1:cn,182
481,BOM_Participant,1:cn,183
482,BOM_MessageType,1:cn,183
483,BS_Kopf,1:cn,184
484,BS_Ansicht,1:n,185
485,DRC_Table,1:cn,186
486,BS_Art,1:cn,187
487,BS_ArtMaske,1:n,188
488,BS_Art,1:n,189
489,BS_Merkm,1:cn,190
490,BS_Auspr,1:n,191
491,BS_Auspr,1:cn,192
492,BS_Kategorie,1:cn,194
493,BB_Notizbuch,1:cn,196
494,BS_Art,1:cn,196
495,BS_Kopf,1:n,197
496,BS_Kopf,1:cn,198
497,BS_ArtMaske,1:cn,198
498,BS_Auspr,1:cn,199
499,BS_Merkm,1:cn,199
500,BS_Maske,1:cn,199
501,BS_Auspr,1:cn,200
502,BS_Kopf,1:cn,200
503,BS_Merkm,1:n,201
504,BS_Merkm,1:cn,202
505,S_KoTraeger,1:cn,203
506,S_Anlage,1:cn,203
507,BU_Benutzer,1:cn,204
508,BS_Kopf,1:cn,204
509,BS_Auspr,1:cn,205
510,BS_UnterMerkm,1:cn,205
511,BS_Kopf,1:cn,206
512,BS_Merkm,1:cn,206
513,BS_Merkm,1:cn,206
514,P_Aenderung,1:cn,207
515,MA_Prozess,1:cn,207
516,S_KoTraeger,1:cn,207
517,S_Lieferant,1:cn,207
518,BS_Auspr,1:cn,207
519,S_Kunde,1:cn,207
520,MS_SNR,1:cn,207
521,VS_Auftrag,1:cn,207
522,BS_Schluessel,1:cn,207
523,VC_Wettbewerber,1:cn,207
524,VC_Interessent,1:cn,207
525,MC_Charge,1:cn,207
526,M_Aktivitaet,1:cn,207
527,P_Zeichnung,1:cn,207
528,V_BelegKopf,1:cn,207
529,M_Ressource,1:cn,207
530,S_Artikel,1:cn,207
531,PV_Kopf,1:cn,207
532,S_Ansprech,1:cn,207
533,MS_ServiceObjekt,1:cn,207
534,VST_Call,1:cn,207
535,BB_Notiz,1:cn,207
536,S_Anlage,1:cn,207
537,VST_MaintContract,1:cn,207
538,JBT_Project,1:cn,207
539,DRC_Table,1:cn,208
540,BB_Bereich,1:cn,208
541,BT_Art,1:n,209
542,P_Aenderung,1:cn,210
543,VS_AuftragPos,1:cn,210
544,V_BelegPos,1:cn,210
545,E_BelegPos,1:cn,210
546,E_RA_Kopf,1:cn,210
547,ER_BelegPos,1:cn,210
548,S_Lieferant,1:cn,210
549,EA_AnfKopf,1:cn,210
550,EA_AnfPos,1:cn,210
551,V_BelegKalk,1:cn,210
552,P_StkKopf,1:cn,210
553,E_WE_Kopf,1:cn,210
554,VU_RA_Abruf,1:cn,210
555,EA_AnfPreis,1:cn,210
556,S_Kunde,1:cn,210
557,EU_VorschlMahnPos,1:cn,210
558,MS_SNR,1:cn,210
559,V_BelegStueli,1:cn,210
560,VS_AuftragMKT,1:cn,210
561,PP_Auftrag,1:cn,210
562,VS_Auftrag,1:cn,210
563,BT_Art,1:cn,210
564,MA_Aktivitaet,1:cn,210
565,BG_FText,1:cn,210
566,VC_Wettbewerber,1:cn,210
567,VC_Interessent,1:cn,210
568,E_ArtLiefBei,1:cn,210
569,S_Text,1:cn,210
570,VU_RA_Pos,1:cn,210
571,M_Aktivitaet,1:cn,210
572,MB_Aktivitaet,1:cn,210
573,E_RA_Pos,1:cn,210
574,SAM_ExportPosValue,1:cn,210
575,V_AngKalkZeile,1:cn,210
576,M_BelegPos,1:cn,210
577,VS_Berichtsart,1:cn,210
578,E_ArtLief,1:cn,210
579,P_Zeichnung,1:cn,210
580,PP_StkZeile,1:cn,210
581,S_ArtKunde,1:cn,210
582,V_BelegKopf,1:cn,210
583,S_Artikel,1:cn,210
584,VS_AuftragBericht,1:cn,210
585,S_Ansprech,1:cn,210
586,E_BelegPosBei,1:cn,210
587,E_AB_Kopf,1:cn,210
588,E_BelegKopf,1:cn,210
589,ML_BelegPos,1:cn,210
590,BB_Notiz,1:cn,210
591,S_Anlage,1:cn,210
592,ER_BelegKopf,1:cn,210
593,BUM_FavoriteGroup,1:cn,212
594,BUM_FavoriteProgram,1:cn,213
595,BUT_Cockpit,1:n,217
596,BU_Benutzer,1:cn,218
597,DRC_Instance,1:cn,218
598,BUT_View,1:n,219
599,DBM_MenuItem,1:cn,220
600,BU_Benutzer,1:cn,220
601,BU_Gruppe,1:cn,222
602,BU_Benutzer,1:cn,222
603,DBM_NavMenu,1:cn,224
604,BU_VerteilerGruppe,1:cn,225
605,BU_Benutzer,1:cn,225
606,BU_Gruppe,1:cn,227
607,BU_Benutzer,1:cn,227
608,BU_Benutzer,1:cn,228
609,BU_Benutzer,1:cn,229
610,DBM_NavItem,1:cn,229
611,DRC_Instance,1:cn,231
612,BU_Prog,1:cn,232
613,DRC_Instance,1:cn,232
614,BU_Benutzer,1:cn,233
615,DRC_Instance,1:cn,233
616,BW_Label,1:n,238
617,DRC_Instance,1:cn,239
618,DRC_Instance,1:cn,239
619,DRC_Instance,1:cn,239
620,DRC_Instance,1:cn,239
621,DRC_Instance,1:cn,239
622,DRC_Instance,1:cn,239
623,B_SpeicherDauer,1:n,241
624,DBL_UsageReport,1:cn,246
625,DRC_Instance,1:c1,248
626,DBM_AppContext,1:cn,248
627,DBM_Catalog,1:cn,249
628,DBM_Catalog,1:cn,250
629,DBM_Catalog,1:cn,251
630,DBM_CatalogItem,1:cn,251
631,DBM_CatalogItem,1:cn,251
632,DBM_CatalogItem,1:cn,251
633,DBM_Catalog,1:cn,252
634,DBM_CatalogItem,1:cn,252
635,DCM_Parameter,1:n,254
636,DRC_Domain,1:n,254
637,BCM_SvceAttribute,1:n,254
638,DCC_AppCfgParam,1:n,254
639,BBM_WflBusinessProcess,1:n,254
640,DRC_VirtualField,1:n,254
641,DRC_Table,1:n,254
642,DRC_Instance,1:n,254
643,BOM_Participant,1:n,254
644,BOM_MessageType,1:n,254
645,DRC_Dataset,1:n,254
646,BBM_WflLockStatus,1:n,254
647,DRC_Field,1:n,254
648,DRC_Class,1:n,254
649,DRC_ClassAttrGroup,1:n,254
650,DRC_ClassAttr,1:n,254
651,DRC_Relation,1:cn,254
652,DBM_ProgrMenuAlloc,1:01,255
653,DBM_SubMenuItemAlloc,1:01,255
654,DBM_SubMenu,1:cn,255
655,DRC_Instance,1:cn,255
656,DRC_Instance,1:cn,257
657,DBM_NavMenu,1:cn,257
658,DBM_NavItem,1:cn,257
659,DBM_NavMenu,1:cn,259
660,DRC_WebObject,1:n,261
661,DRC_WebObjComp,1:n,261
662,DCM_Parameter,1:n,261
663,DRC_Domain,1:n,261
664,DRC_WebApplication,1:n,261
665,DRC_WebFuncType,1:n,261
666,DBM_MenuItem,1:n,261
667,BBC_DynQueryLabel,1:n,261
668,DBM_SubMenuItemAlloc,1:n,261
669,MMM_CusRefOrder,1:n,261
670,DBM_SubMenu,1:n,261
671,BOM_ReplicationTable,1:n,261
672,BBM_WflWorkGroup,1:n,261
673,SAM_ExportAttr,1:cn,261
674,JBM_Resource,1:cn,261
675,DRC_HelpCockpit,1:n,261
676,DCC_AppCfgParamType,1:n,261
677,DCC_AppCfgParam,1:n,261
678,DCM_AppCfgProfile,1:n,261
679,BOM_Mapping,1:n,261
680,JBT_ProjectStr,1:cn,261
681,BLC_ReportField,1:n,261
682,DBT_AppContextLink,1:n,261
683,BBM_WflBusinessProcess,1:n,261
684,DRC_VirtualField,1:n,261
685,WBC_Configuration,1:n,261
686,ICC_ExportSetupField,1:n,261
687,ICC_ExportParam,1:n,261
688,MSM_ActivityType,1:n,261
689,DRC_Table,1:n,261
690,DRC_Instance,1:n,261
691,JBM_Task,1:cn,261
692,DRC_WebObjType,1:n,261
693,SAM_ExportPos,1:n,261
694,SAM_ExportSelectionHead,1:n,261
695,SAM_ExportCategoryHead,1:n,261
696,SAM_ExportConfigHead,1:n,261
697,MLM_StockValueGroup,1:n,261
698,BOM_ReplicationVersion,1:n,261
699,BOM_Participant,1:n,261
700,BOM_MessageType,1:n,261
701,DRC_Entity,1:n,261
702,DRC_Dataset,1:n,261
703,DRC_EntityField,1:n,261
704,DRC_WebAppComp,1:n,261
705,BI_Export,1:n,261
706,DRC_DomainAttr,1:n,261
707,VSM_HandlingType,1:n,261
708,BLC_ReportLayout,1:n,261
709,SBM_CostingGroup,1:n,261
710,SBM_ValueFlowGroup,1:n,261
711,MDM_MRPAlyFilterRuleSet,1:cn,261
712,O_Cluster,1:cn,261
713,DRC_Field,1:n,261
714,DRC_Class,1:n,261
715,DRC_ClassAttrGroup,1:n,261
716,DRC_ClassAttr,1:n,261
717,JBM_ResGroup,1:cn,261
718,JBM_CapCalendar,1:cn,261
719,BOM_Replication,1:n,261
720,DBM_AppContext,1:n,261
721,BMC_PrintLayout,1:n,261
722,WBM_WebAnalyzer,1:n,261
723,DBM_Catalog,1:n,261
724,JBL_SchedHistLine,1:cn,261
725,DBM_NavMenu,1:n,261
726,DBM_NavItem,1:n,261
727,SAM_SearchPattern,1:n,261
728,DRC_ReposObjDepl,1:n,261
729,SBM_LateInterest,1:cn,261
730,FOM_PmtDiffType,1:n,261
731,ICM_Export,1:n,261
732,ICC_ExportSetup,1:n,261
733,JBT_Project,1:cn,261
734,DRC_Relation,1:n,261
735,MEM_PostingCode,1:n,261
736,FOM_PmtDiffSubType,1:n,261
737,DBM_ProgrMenuAlloc,1:01,262
738,DBM_SubMenuItemAlloc,1:01,262
739,DBM_SubMenu,1:cn,263
740,BU_Benutzer,1:cn,264
741,DBM_AppContext,1:cn,264
742,DCC_AppCfgParamType,1:cn,267
743,DCC_AppCfgParam,1:cn,267
744,DCC_AppCfgParamType,1:cn,269
745,DCC_AppCfgParam,1:cn,270
746,DCC_AppCfgParam,1:cn,271
747,DCC_AppCfgParamVal,1:cn,271
748,S_Firma,1:cn,272
749,DCC_AppCfgParamVal,1:cn,272
750,DCM_AppCfgProfile,1:cn,272
751,BU_Benutzer,1:cn,272
752,DCM_AppCfgProfile,1:cn,274
753,DCM_AppCfgProfile,1:cn,274
754,DCM_ParameterType,1:cn,275
755,DRC_LogicalDatabase,1:cn,277
756,DRC_Instance,1:cn,279
757,DRC_Class,1:cn,279
758,DRC_Instance,1:cn,280
759,DRC_Dataset,1:cn,280
760,DRC_ClassAttrGroup,1:cn,280
761,DRC_Class,1:cn,281
762,DRC_ClassAttr,1:cn,281
763,DRC_Table,1:cn,283
764,DRC_Field,1:cn,283
765,DRC_Instance,1:cn,285
766,DRC_Instance,1:cn,285
767,DRC_Instance,1:cn,285
768,DRC_Dataset,1:cn,286
769,DRC_EntityField,1:cn,286
770,DRC_EntityField,1:cn,286
771,DRC_Domain,1:cn,287
772,DRC_Domain,1:cn,289
773,DRC_DomainAttr,1:cn,289
774,DRC_Domain,1:cn,290
775,DRC_DomainAttr,1:cn,290
776,DRC_Entity,1:cn,291
777,DRC_Dataset,1:cn,291
778,DRC_Table,1:cn,292
779,DRC_Domain,1:cn,293
780,DRC_Entity,1:cn,293
781,DRC_Field,1:cn,293
782,DRC_Entity,1:cn,294
783,DRC_EntityField,1:cn,295
784,DRC_EntityIndex,1:cn,295
785,DRC_Area,1:cn,296
786,DRC_Domain,1:cn,296
787,DRC_Table,1:cn,296
788,DRC_Field,1:cn,296
789,DRC_HelpCockpit,1:n,298
790,DRC_Area,1:cn,299
791,DRC_Table,1:cn,299
792,DRC_Index,1:cn,300
793,DRC_Field,1:cn,300
794,DRC_Class,1:cn,301
795,DRC_Instance,1:cn,302
796,DRC_ClassAttr,1:cn,302
797,DRC_Database,1:cn,303
798,DRC_Table,1:cn,304
799,DRC_Table,1:cn,304
800,DRC_Field,1:cn,305
801,DRC_Field,1:cn,305
802,DRC_Relation,1:cn,305
803,DRC_Table,1:cn,306
804,DRC_Dataset,1:cn,308
805,DRC_LogicalDatabase,1:cn,309
806,DRC_Area,1:cn,310
807,DRC_Table,1:01,310
808,DRC_Cache,1:cn,311
809,DRC_Table,1:cn,311
810,DRC_Domain,1:cn,312
811,DRC_Table,1:cn,312
812,DRC_WebApplication,1:cn,313
813,DRC_WebAppComp,1:cn,313
814,DRC_WebObject,1:cn,314
815,WBM_WebAnalyzer,1:cn,314
816,DRC_WebObjType,1:cn,316
817,DRC_Instance,1:cn,317
818,DRC_WebObjType,1:cn,317
819,DRC_WebObject,1:cn,318
820,DRC_WebFuncType,1:cn,318
821,DRC_WebObjType,1:cn,318
822,DRC_WebAppComp,1:cn,318
823,DRC_WebObject,1:cn,319
824,BBC_DynQueryField,1:c1,319
825,DRC_WebObjFunc,1:cn,320
826,DRC_WebObjKey,1:cn,320
827,DRC_Instance,1:cn,321
828,DUM_Glossary,1:cn,322
829,DUM_Glossary,1:cn,322
830,DUM_Glossary,1:cn,323
831,DRC_Instance,1:cn,324
832,DBM_MessageHelp,1:01,325
833,D_Meldung,1:n,326
834,BU_Modul,1:cn,327
835,D_Modul,1:n,328
836,D_StringTrans,1:n,331
837,D_Modul,1:cn,332
838,D_UnterModul,1:n,333
839,BU_Benutzer,1:cn,336
840,ML_Lagergruppe,1:cn,336
841,S_Lieferant,1:cn,337
842,EA_AnfKopf,1:cn,337
843,S_Adresse,1:cn,338
844,EA_AnfLieferant,1:cn,338
845,EA_AnfLieferant,1:cn,338
846,EA_AnfLieferant,1:cn,338
847,EA_AnfKopf,1:cn,339
848,S_MengenEinheit,1:cn,339
849,MDT_MRPSuggestion,1:c1,339
850,S_Artikel,1:cn,339
851,P_Zeichnung,1:cn,340
852,S_Lieferant,1:cn,341
853,S_MengenEinheit,1:cn,341
854,EA_AnfPos,1:cn,341
855,S_Waehrung,1:cn,341
856,S_RabZuArt,1:cn,341
857,S_RabZuArt,1:cn,341
858,S_RabZuArt,1:cn,341
859,S_RabZuArt,1:cn,341
860,S_RabZuArt,1:cn,341
861,S_RabZuArt,1:cn,341
862,S_RabZuArt,1:cn,341
863,S_RabZuArt,1:cn,341
864,S_RabZuArt,1:cn,341
865,S_RabZuArt,1:cn,341
866,E_ArtLief,1:cn,341
867,S_PreisEinheit,1:cn,341
868,EA_AnfLieferant,1:cn,341
869,EBT_CallOrder,1:cn,344
870,S_LieferBed,1:cn,346
871,ML_Ort,1:cn,346
872,S_VersandArt,1:cn,346
873,S_Lieferant,1:cn,346
874,S_MengenEinheit,1:cn,346
875,S_ArtVar,1:cn,346
876,BG_FKopf,1:cn,346
877,BG_FKopf,1:cn,346
878,S_AuftragsArt,1:cn,346
879,S_Waehrung,1:cn,346
880,S_RabZuArt,1:cn,346
881,S_RabZuArt,1:cn,346
882,S_RabZuArt,1:cn,346
883,S_RabZuArt,1:cn,346
884,S_RabZuArt,1:cn,346
885,S_RabZuArt,1:cn,346
886,S_RabZuArt,1:cn,346
887,S_RabZuArt,1:cn,346
888,S_RabZuArt,1:cn,346
889,S_RabZuArt,1:cn,346
890,S_LiefRabatt,1:cn,346
891,S_ZahlZiel,1:cn,346
892,MMM_CusRefOrder,1:cn,346
893,BBM_WflWorkGroup,1:cn,346
894,BU_Benutzer,1:cn,346
895,BU_Benutzer,1:cn,346
896,S_Artikel,1:cn,346
897,S_Ansprech,1:cn,346
898,S_PreisEinheit,1:cn,346
899,ML_Lagergruppe,1:cn,346
900,EBT_RelSchedules,1:cn,347
901,EBT_CO_ProvParts,1:cn,347
902,S_RabZuArt,1:cn,348
903,S_RabZuArt,1:cn,348
904,S_RabZuArt,1:cn,348
905,S_RabZuArt,1:cn,348
906,S_RabZuArt,1:cn,348
907,S_RabZuArt,1:cn,348
908,S_RabZuArt,1:cn,348
909,S_RabZuArt,1:cn,348
910,S_RabZuArt,1:cn,348
911,S_RabZuArt,1:cn,348
912,EBT_CallOrder,1:cn,348
913,ML_Ort,1:cn,349
914,S_ArtVar,1:cn,349
915,EBT_CallOrder,1:cn,349
916,S_Artikel,1:cn,349
917,ML_Ort,1:cn,350
918,S_VersandArt,1:cn,350
919,S_Lieferant,1:cn,350
920,EBT_DesAdv,1:cn,350
921,BU_Benutzer,1:cn,350
922,ML_Lagergruppe,1:cn,350
923,E_BelegPos,1:cn,351
924,ML_Ort,1:cn,351
925,S_Lieferant,1:cn,351
926,S_MengenEinheit,1:cn,351
927,S_ArtVar,1:cn,351
928,MMM_CusRefOrder,1:cn,351
929,EBT_Delivery,1:cn,351
930,S_Artikel,1:cn,351
931,S_LieferBed,1:cn,352
932,S_Lieferant,1:cn,352
933,S_Lieferant,1:cn,352
934,BG_FKopf,1:cn,352
935,BBM_WflWorkGroup,1:cn,352
936,BU_Benutzer,1:cn,352
937,BU_Benutzer,1:cn,352
938,S_Ansprech,1:cn,352
939,ML_Lagergruppe,1:cn,352
940,S_MengenEinheit,1:cn,353
941,EBT_PurchRelease,1:cn,353
942,E_BelegPosTermin,1:cn,354
943,E_BelegPosBei,1:cn,354
944,EBT_CallOrder,1:cn,355
945,BU_Benutzer,1:cn,355
946,S_MengenEinheit,1:cn,356
947,EBT_PurchRelease,1:cn,356
948,EL_BewertKriterium,1:cn,357
949,El_BewertGruppe,1:n,359
950,El_BewertGruppe,1:cn,360
951,S_Lieferant,1:cn,361
952,El_BewertGruppe,1:cn,361
953,E_ArtLief,1:cn,361
954,S_Artikel,1:cn,361
955,S_Lieferant,1:cn,362
956,El_BewertGruppe,1:cn,362
957,S_Artikel,1:cn,362
958,S_Bank,1:cn,364
959,S_Lieferant,1:cn,364
960,S_Steuer,1:cn,364
961,S_Waehrung,1:cn,364
962,S_ZahlZiel,1:cn,364
963,BU_Benutzer,1:cn,364
964,FO_OP,1:cn,364
965,S_FA_UStID,1:cn,364
966,SBM_BankDataAcc,1:cn,364
967,ER_BelegKopf,1:cn,365
968,E_WE_Pos,1:cn,366
969,S_KoTraeger,1:cn,366
970,E_BelegPos,1:cn,366
971,S_Lieferant,1:cn,366
972,S_MengenEinheit,1:cn,366
973,S_Konto,1:cn,366
974,S_Konto,1:cn,366
975,E_ArtLief,1:cn,366
976,S_Artikel,1:cn,366
977,S_KostenStelle,1:cn,366
978,E_BelegKopf,1:cn,366
979,S_PreisEinheit,1:cn,366
980,ER_BelegKopf,1:cn,366
981,ER_Journal,1:cn,368
982,E_BelegPos,1:cn,371
983,E_BelegPosTermin,1:cn,371
984,EU_LiefMahnKopf,1:cn,371
985,E_BelegPos,1:cn,373
986,E_BelegPosTermin,1:cn,373
987,E_AB_PosTermin,1:cn,373
988,EU_LiefMahnPos,1:cn,373
989,E_AB_Pos,1:cn,373
990,EU_MahnungGen,1:cn,373
991,E_BelegKopf,1:cn,373
992,S_Lieferant,1:cn,374
993,E_AB_Kopf,1:cn,375
994,S_Staat,1:cn,375
995,E_BelegPos,1:cn,376
996,E_AB_Kopf,1:cn,376
997,E_BelegKopf,1:cn,376
998,E_BelegPos,1:cn,377
999,E_BelegPosTermin,1:cn,377
1000,E_AB_Pos,1:cn,377
1001,E_AB_Kopf,1:cn,377
1002,S_Lieferant,1:cn,378
1003,S_MengenEinheit,1:cn,378
1004,S_ProdGruppe,1:cn,378
1005,S_BetrKalender,1:cn,378
1006,S_RabZuArt,1:cn,378
1007,S_RabZuArt,1:cn,378
1008,S_RabZuArt,1:cn,378
1009,S_RabZuArt,1:cn,378
1010,S_RabZuArt,1:cn,378
1011,S_RabZuArt,1:cn,378
1012,S_RabZuArt,1:cn,378
1013,S_RabZuArt,1:cn,378
1014,S_RabZuArt,1:cn,378
1015,S_RabZuArt,1:cn,378
1016,S_LiefRabatt,1:cn,378
1017,S_Artikel,1:cn,378
1018,S_SNRTyp,1:cn,378
1019,M_PackVorschrift,1:cn,378
1020,S_PreisEinheit,1:cn,378
1021,ML_Ort,1:cn,379
1022,S_MengenEinheit,1:cn,379
1023,E_ArtLief,1:cn,379
1024,S_Artikel,1:cn,379
1025,E_ArtLief,1:cn,380
1026,S_StaffelGruppe,1:cn,380
1027,E_ArtLief,1:cn,381
1028,S_StaffelGruppe,1:cn,381
1029,E_ArtLiefRabDatum,1:cn,382
1030,E_ArtLiefDatum,1:cn,383
1031,P_Zeichnung,1:cn,384
1032,E_BelegKopf,1:cn,385
1033,S_LieferBed,1:cn,386
1034,S_KoTraeger,1:cn,386
1035,S_BelegArt,1:cn,386
1036,ML_Ort,1:cn,386
1037,S_VersandArt,1:cn,386
1038,S_Lieferant,1:cn,386
1039,S_Firma,1:cn,386
1040,S_AuftragsArt,1:cn,386
1041,S_Waehrung,1:cn,386
1042,S_ZahlZiel,1:cn,386
1043,BU_Benutzer,1:cn,386
1044,S_FA_UStID,1:cn,386
1045,S_KostenStelle,1:cn,386
1046,ML_Lagergruppe,1:cn,386
1047,S_Adresse,1:cn,387
1048,E_BelegKopf,1:cn,387
1049,S_Staat,1:cn,387
1050,E_BelegKopf,1:cn,387
1051,E_BelegKopf,1:cn,387
1052,E_BelegKopf,1:cn,387
1053,E_BelegKopf,1:cn,387
1054,E_BelegKopf,1:cn,387
1055,E_WE_Pos,1:cn,388
1056,S_KoTraeger,1:cn,388
1057,S_BelegArt,1:cn,388
1058,S_BelegArt,1:cn,388
1059,S_BelegArt,1:cn,388
1060,E_RA_Kopf,1:cn,388
1061,ML_Ort,1:cn,388
1062,ML_Ort,1:cn,388
1063,ER_BelegPos,1:cn,388
1064,S_Lieferant,1:cn,388
1065,S_MengenEinheit,1:cn,388
1066,EA_AnfPreis,1:cn,388
1067,S_RabZuArt,1:cn,388
1068,S_RabZuArt,1:cn,388
1069,S_RabZuArt,1:cn,388
1070,S_RabZuArt,1:cn,388
1071,S_RabZuArt,1:cn,388
1072,S_RabZuArt,1:cn,388
1073,S_RabZuArt,1:cn,388
1074,S_RabZuArt,1:cn,388
1075,S_RabZuArt,1:cn,388
1076,S_RabZuArt,1:cn,388
1077,E_RA_Pos,1:cn,388
1078,E_ArtLief,1:cn,388
1079,BU_Benutzer,1:cn,388
1080,S_Aktion,1:cn,388
1081,S_Artikel,1:cn,388
1082,S_KostenStelle,1:cn,388
1083,E_BelegKopf,1:cn,388
1084,S_PreisEinheit,1:cn,388
1085,E_BelegPos,1:cn,389
1086,ML_Ort,1:cn,389
1087,ML_Ort,1:cn,389
1088,S_MengenEinheit,1:cn,389
1089,S_Artikel,1:cn,389
1090,E_BelegPos,1:cn,390
1091,E_BelegKopf,1:cn,390
1092,P_Zeichnung,1:cn,391
1093,S_LieferBed,1:cn,392
1094,S_BelegArt,1:cn,392
1095,S_Lieferant,1:cn,392
1096,S_AuftragsArt,1:cn,392
1097,S_Waehrung,1:cn,392
1098,BU_Benutzer,1:cn,392
1099,E_RA_Kopf,1:cn,393
1100,E_RA_Kopf,1:cn,393
1101,E_RA_Kopf,1:cn,393
1102,E_RA_Kopf,1:cn,394
1103,S_MengenEinheit,1:cn,394
1104,S_RabZuArt,1:cn,394
1105,S_RabZuArt,1:cn,394
1106,S_RabZuArt,1:cn,394
1107,S_RabZuArt,1:cn,394
1108,S_RabZuArt,1:cn,394
1109,S_RabZuArt,1:cn,394
1110,S_RabZuArt,1:cn,394
1111,S_RabZuArt,1:cn,394
1112,S_RabZuArt,1:cn,394
1113,S_RabZuArt,1:cn,394
1114,E_ArtLief,1:cn,394
1115,S_Artikel,1:cn,394
1116,S_PreisEinheit,1:cn,394
1117,E_RA_Kopf,1:cn,395
1118,S_RabZuArt,1:cn,395
1119,S_RabZuArt,1:cn,395
1120,S_RabZuArt,1:cn,395
1121,S_RabZuArt,1:cn,395
1122,S_RabZuArt,1:cn,395
1123,S_RabZuArt,1:cn,395
1124,S_RabZuArt,1:cn,395
1125,S_RabZuArt,1:cn,395
1126,S_RabZuArt,1:cn,395
1127,S_RabZuArt,1:cn,395
1128,E_RA_Pos,1:cn,395
1129,ML_Ort,1:cn,396
1130,S_Lieferant,1:cn,396
1131,S_Waehrung,1:cn,396
1132,E_WE_Kopf,1:cn,397
1133,S_Staat,1:cn,397
1134,S_KoTraeger,1:cn,398
1135,E_BelegPos,1:cn,398
1136,ML_Ort,1:cn,398
1137,ML_Ort,1:cn,398
1138,S_Lieferant,1:cn,398
1139,S_MengenEinheit,1:cn,398
1140,E_WE_Kopf,1:cn,398
1141,E_ArtLief,1:cn,398
1142,S_Artikel,1:cn,398
1143,S_KostenStelle,1:cn,398
1144,E_BelegKopf,1:cn,398
1145,E_WE_Pos,1:cn,399
1146,S_Konto,1:cn,400
1147,FA_FinanzPlan,1:n,401
1148,S_BuchJahr,1:cn,402
1149,FA_PlanVariante,1:n,403
1150,S_Konto,1:cn,403
1151,S_BuchJahr,1:cn,403
1152,FA_PlanVorgang,1:cn,404
1153,S_Konto,1:cn,404
1154,S_ZahlZiel,1:cn,404
1155,FA_PlanParam,1:n,405
1156,FA_PlanVariante,1:n,407
1157,FA_PlanVorgang,1:n,409
1158,JBT_ProjectStr,1:cn,410
1159,FB_BuchInfo,1:cn,410
1160,FBL_CostAllocPartPmt,1:cn,411
1161,FB_BuchInfo,1:c1,413
1162,FB_Buchung,1:cn,414
1163,FOL_PmtDiffHead,1:cn,414
1164,S_Konto,1:cn,415
1165,S_Steuer,1:cn,415
1166,FB_Buchung,1:n,415
1167,FB_Buchung,1:cn,416
1168,FB_Saldo,1:n,417
1169,F_Abschluss,1:cn,417
1170,FB_Sitzung,1:n,417
1171,S_Konto,1:cn,417
1172,S_Waehrung,1:cn,417
1173,FB_Salden,1:n,417
1174,S_BuchJahr,1:cn,417
1175,S_SammelKonto,1:cn,417
1176,FB_Buchung,1:c1,418
1177,S_VerbUntern,1:cn,419
1178,FB_Buchung,1:c1,419
1179,S_Konto,1:cn,420
1180,S_Waehrung,1:cn,420
1181,S_BuchJahr,1:cn,420
1182,S_BuchJahr,1:cn,420
1183,FB_DauerBuch,1:n,421
1184,S_Konto,1:cn,421
1185,S_Steuer,1:cn,421
1186,S_ErgTraeger,1:cn,422
1187,FB_DauerKalkBuch,1:cn,422
1188,S_KoTraeger,1:cn,423
1189,S_Bezug,1:cn,423
1190,S_ErgKonto,1:cn,423
1191,S_ErgTraeger,1:cn,423
1192,S_TrKoArt,1:cn,423
1193,JBT_ProjectStr,1:cn,423
1194,FB_DauerBuchInfo,1:cn,423
1195,S_KostenArt,1:cn,423
1196,S_KostenStelle,1:cn,423
1197,S_ErgTraeger,1:cn,424
1198,FB_KalkBuch,1:cn,424
1199,S_KoTraeger,1:cn,425
1200,S_Bezug,1:cn,425
1201,S_Konto,1:cn,425
1202,S_ErgKonto,1:cn,425
1203,S_ErgTraeger,1:cn,425
1204,S_TrKoArt,1:cn,425
1205,JBT_ProjectStr,1:cn,425
1206,S_KostenArt,1:cn,425
1207,S_KostenArt,1:cn,425
1208,S_KostenStelle,1:cn,425
1209,FB_BuchInfo,1:cn,425
1210,S_Waehrung,1:cn,426
1211,FB_Buchung,1:cn,426
1212,S_Steuer,1:cn,427
1213,FB_KassenBuch,1:n,427
1214,FB_KassenKalkBuch,1:cn,428
1215,S_ErgTraeger,1:cn,428
1216,S_KoTraeger,1:cn,429
1217,FB_KassenBuchInfo,1:cn,429
1218,S_Bezug,1:cn,429
1219,S_ErgKonto,1:cn,429
1220,S_ErgTraeger,1:cn,429
1221,S_TrKoArt,1:cn,429
1222,JBT_ProjectStr,1:cn,429
1223,S_KostenArt,1:cn,429
1224,S_KostenStelle,1:cn,429
1225,S_Konto,1:cn,430
1226,S_Konto,1:cn,431
1227,FO_OPAdr,1:cn,434
1228,BG_FKopf,1:cn,434
1229,S_Konto,1:cn,434
1230,S_Waehrung,1:cn,434
1231,BBM_WflWorkGroup,1:cn,434
1232,FB_Buchung,1:c1,434
1233,FO_ZahlZiel,1:cn,435
1234,FO_OP,1:cn,435
1235,FOL_InterestInvHead,1:cn,435
1236,S_BankVerb,1:cn,436
1237,BG_FKopf,1:cn,436
1238,S_Konto,1:cn,436
1239,S_Waehrung,1:cn,436
1240,BBM_WflWorkGroup,1:cn,436
1241,S_Ansprech,1:cn,436
1242,FOM_PmtDiffType,1:cn,436
1243,FO_ZahlZiel,1:cn,437
1244,FO_OP,1:n,437
1245,FO_Zahlung,1:cn,437
1246,FOL_PmtDiffHead,1:cn,437
1247,FOM_PmtDiffSubType,1:cn,437
1248,FOM_PmtDiffType,1:cn,438
1249,BG_FKopf,1:cn,439
1250,BBM_WflWorkGroup,1:cn,439
1251,S_Konto,1:cn,441
1252,S_GVCode,1:cn,441
1253,FO_AuszugRef,1:cn,442
1254,S_Bank,1:cn,443
1255,FO_Auszug,1:cn,443
1256,FO_AuszugZeile,1:cn,444
1257,JBT_ProjectStr,1:cn,445
1258,FO_AuszugZeileKaBu,1:cn,446
1259,FO_ZahlZiel,1:cn,447
1260,FO_AuszugZeileBuch,1:cn,447
1261,FO_AuszugZeileOP,1:01,448
1262,FB_DauerBuch,1:c1,449
1263,FO_Hinweis,1:cn,449
1264,S_Verband,1:cn,449
1265,S_ZahlZiel,1:cn,449
1266,BU_Benutzer,1:cn,449
1267,SBM_BankDataAcc,1:cn,449
1268,S_Konto,1:cn,450
1269,FO_Hinweis,1:n,452
1270,FO_OPAdr,1:cn,453
1271,S_Konto,1:cn,453
1272,FO_MahnKopf,1:cn,453
1273,S_Ansprech,1:cn,453
1274,FO_MahnParam,1:n,455
1275,FO_ZahlZiel,1:cn,456
1276,FO_MahnKopf,1:n,456
1277,S_Lieferant,1:cn,457
1278,S_Kunde,1:cn,457
1279,S_Bank,1:cn,458
1280,FO_Saldo,1:cn,458
1281,S_Konto,1:cn,458
1282,FO_Hinweis,1:cn,458
1283,S_Verband,1:cn,458
1284,S_Waehrung,1:cn,458
1285,S_ZahlZiel,1:cn,458
1286,FO_FwSaldo,1:n,458
1287,S_UStID,1:cn,458
1288,FB_Buchung,1:c1,458
1289,SBM_BankDataAcc,1:cn,458
1290,S_Adresse,1:cn,459
1291,FO_OP,1:c1,459
1292,FO_OP,1:cn,460
1293,S_Konto,1:cn,461
1294,S_Steuer,1:cn,464
1295,FO_OP,1:n,464
1296,S_Bank,1:cn,465
1297,S_BankVerb,1:cn,465
1298,S_Bank,1:cn,466
1299,S_BankVerb,1:cn,466
1300,S_Konto,1:cn,466
1301,FO_ZahlZiel,1:c1,466
1302,FO_OP,1:cn,466
1303,SBM_BankDataAcc,1:cn,466
1304,S_BankVerb,1:cn,467
1305,FO_Wechsel,1:cn,467
1306,FO_Saldo,1:cn,467
1307,FO_ZahlZiel,1:cn,467
1308,FO_FwSaldo,1:cn,467
1309,FB_Buchung,1:cn,467
1310,FO_Scheck,1:cn,467
1311,FO_Zahlung,1:cn,468
1312,FO_OP,1:n,469
1313,S_FA_UStID,1:cn,470
1314,S_Kunde,1:cn,471
1315,S_UStID,1:cn,471
1316,FO_ZM_Kopf,1:cn,471
1317,S_Konto,1:cn,472
1318,FS_Buchung,1:n,472
1319,S_Steuer,1:cn,472
1320,FS_Kopf,1:cn,473
1321,F_Abschluss,1:cn,473
1322,S_Konto,1:cn,473
1323,S_Waehrung,1:cn,473
1324,S_BuchJahr,1:cn,473
1325,FS_KalkBuch,1:cn,474
1326,S_ErgTraeger,1:cn,474
1327,S_KoTraeger,1:cn,475
1328,S_Bezug,1:cn,475
1329,S_Konto,1:cn,475
1330,S_ErgKonto,1:cn,475
1331,S_ErgTraeger,1:cn,475
1332,S_TrKoArt,1:cn,475
1333,FS_BuchInfo,1:cn,475
1334,JBT_ProjectStr,1:cn,475
1335,S_KostenArt,1:cn,475
1336,S_KostenStelle,1:cn,475
1337,S_Anlage,1:cn,475
1338,S_BuchHerk,1:cn,476
1339,FS_Buchung,1:c1,477
1340,S_ZahlZiel,1:cn,477
1341,SBM_BankDataAcc,1:cn,477
1342,S_Adresse,1:cn,478
1343,FS_OP,1:c1,478
1344,FS_OP,1:n,479
1345,S_Steuer,1:cn,479
1346,S_BankVerb,1:cn,480
1347,S_Konto,1:cn,480
1348,FS_Buchung,1:cn,480
1349,FO_ZahlZiel,1:cn,480
1350,FOM_PmtDiffSubType,1:cn,480
1351,FS_OP,1:n,481
1352,FUL_SalesTax,1:cn,482
1353,FUL_SalesTax,1:cn,483
1354,S_Konto,1:cn,484
1355,S_Steuer,1:cn,484
1356,FUL_SalesTaxVal,1:cn,484
1357,S_Konto,1:cn,486
1358,S_BuchJahr,1:cn,487
1359,F_KonsWert,1:cn,488
1360,FB_Buchung,1:cn,488
1361,F_FirSoKonten,1:n,490
1362,S_Konto,1:cn,491
1363,F_Kasse,1:n,492
1364,S_Firma,1:cn,493
1365,S_Konto,1:cn,493
1366,F_FirSoKonten,1:cn,497
1367,S_Konto,1:cn,497
1368,S_Waehrung,1:cn,497
1369,BBM_WflWorkGroup,1:cn,498
1370,BBM_WflWorkGroup,1:cn,498
1371,BBM_WflWorkGroup,1:cn,498
1372,IA_Art,1:cn,499
1373,IA_AnsKopf,1:n,500
1374,IA_ArtSpalte,1:cn,501
1375,IA_Spalte,1:cn,501
1376,IA_AnsKopf,1:cn,501
1377,IA_AnsSpalte,1:n,502
1378,IA_Zeile,1:cn,503
1379,IA_AnsKopf,1:cn,503
1380,IA_AnsZeile,1:n,504
1381,IA_Spalte,1:cn,506
1382,IA_Art,1:cn,506
1383,IA_Art,1:n,507
1384,IA_PlanVT,1:n,509
1385,IA_PlanVT,1:cn,510
1386,IA_Spalte,1:n,512
1387,IA_Zeile,1:n,515
1388,ICM_Export,1:cn,516
1389,DRC_Table,1:cn,517
1390,DRC_Instance,1:cn,517
1391,ICM_Export,1:cn,519
1392,ICC_ExportSetup,1:cn,519
1393,IS_ExportConfig,1:cn,520
1394,ICC_ExportSetup,1:cn,520
1395,ICM_Export,1:cn,521
1396,ML_Ort,1:cn,524
1397,ML_Ort,1:cn,525
1398,IS_Master,1:n,532
1399,DRC_Instance,1:cn,533
1400,DRC_Instance,1:cn,533
1401,IS_TemplateField,1:n,535
1402,IS_Template,1:n,536
1403,JBT_Project,1:cn,537
1404,JBT_ProjectStr,1:cn,538
1405,JBL_SchedHistHead,1:cn,538
1406,JBM_Resource,1:cn,539
1407,JBM_ResGroup,1:cn,539
1408,JBM_Task,1:cn,540
1409,JBM_ResGroup,1:cn,542
1410,JBM_Resource,1:cn,543
1411,JBM_Task,1:cn,543
1412,S_Taetigkeit,1:cn,543
1413,JBM_ResGroup,1:cn,543
1414,JBM_Resource,1:cn,545
1415,JBT_ProjectStr,1:cn,545
1416,JBT_ResPlan,1:cn,545
1417,JBT_Project,1:cn,545
1418,JBM_Resource,1:cn,546
1419,JBT_ProjectStr,1:cn,546
1420,JBT_PartsPlan,1:cn,546
1421,JBT_ResPlan,1:cn,546
1422,JBM_ResGroup,1:cn,546
1423,JBT_Project,1:cn,546
1424,E_BelegPos,1:c1,547
1425,PP_Auftrag,1:cn,547
1426,JBT_Costs,1:cn,547
1427,JBT_ProjectStr,1:cn,547
1428,JBT_Project,1:cn,547
1429,JBT_ProjectStr,1:cn,549
1430,JBT_Project,1:cn,549
1431,JBT_ProjectStr,1:cn,550
1432,JBT_ProjectStr,1:cn,550
1433,JBT_Project,1:cn,550
1434,JBM_Resource,1:cn,551
1435,JBT_Costs,1:cn,551
1436,JBT_ProjectStr,1:cn,551
1437,S_Taetigkeit,1:cn,551
1438,JBM_ResGroup,1:cn,551
1439,JBT_Project,1:cn,551
1440,S_Bezug,1:cn,552
1441,S_KoSt_BG,1:cn,552
1442,K_KoSt_KoA,1:cn,552
1443,S_BuchJahr,1:cn,552
1444,KB_Salden,1:cn,552
1445,S_KostenArt,1:cn,552
1446,S_KostenStelle,1:cn,552
1447,KB_Leistung,1:cn,552
1448,S_Bezug,1:cn,553
1449,S_KoSt_BG,1:cn,553
1450,K_KoSt_KoA,1:cn,553
1451,S_BuchJahr,1:cn,553
1452,S_BuchJahr,1:cn,553
1453,S_KostenArt,1:cn,553
1454,S_KostenArt,1:cn,553
1455,S_Bezug,1:cn,554
1456,S_KoSt_BG,1:cn,554
1457,S_KoSt_BG,1:cn,554
1458,K_KoSt_KoA,1:cn,554
1459,K_KoSt_KoA,1:cn,554
1460,S_BuchJahr,1:cn,554
1461,S_BuchJahr,1:cn,554
1462,S_KostenArt,1:cn,554
1463,S_KostenArt,1:cn,554
1464,S_KostenArt,1:cn,554
1465,S_KostenArt,1:cn,555
1466,S_KostenStelle,1:cn,555
1467,S_KostenArt,1:cn,556
1468,S_KostenStelle,1:cn,556
1469,K_KoSt_Variante,1:cn,557
1470,K_KoA_Variante,1:cn,558
1471,S_BuchJahr,1:cn,559
1472,S_BuchJahr,1:cn,560
1473,KP_PlanVariante,1:n,561
1474,IA_PlanVT,1:cn,562
1475,S_Bezug,1:cn,562
1476,S_KoSt_BG,1:cn,562
1477,K_KoSt_KoA,1:cn,562
1478,S_KostenArt,1:cn,562
1479,S_KostenStelle,1:cn,562
1480,KP_PlanVariante,1:cn,562
1481,S_Bezug,1:cn,563
1482,S_KoSt_BG,1:cn,563
1483,K_KoSt_KoA,1:cn,563
1484,S_KostenArt,1:cn,563
1485,S_KostenStelle,1:cn,563
1486,KP_PlanVariante,1:cn,563
1487,S_Bezug,1:cn,564
1488,S_KoSt_BG,1:cn,564
1489,K_KoSt_KoA,1:cn,564
1490,KS_Kopf,1:cn,564
1491,S_BuchJahr,1:cn,564
1492,S_KostenArt,1:cn,564
1493,S_KostenStelle,1:cn,564
1494,S_BuchJahr,1:cn,566
1495,K_LeistungsVerfl,1:cn,566
1496,S_KostenStelle,1:cn,566
1497,S_KostenStelle,1:cn,566
1498,S_BuchJahr,1:cn,567
1499,K_LeistungsVerfl,1:cn,567
1500,S_KostenStelle,1:cn,567
1501,S_KostenStelle,1:cn,567
1502,K_KoA_Variante,1:n,569
1503,K_KoA_Variante,1:cn,570
1504,S_KostenArt,1:cn,570
1505,S_KostenArt,1:cn,570
1506,S_KostenArt,1:cn,570
1507,K_KostenSatz,1:cn,572
1508,K_KoSt_KoA,1:cn,572
1509,S_KostenArt,1:cn,572
1510,S_Bezug,1:cn,573
1511,S_KoSt_BG,1:cn,573
1512,S_KostenStelle,1:cn,573
1513,K_KostenSatz,1:n,574
1514,S_Bezug,1:cn,575
1515,S_KostenArt,1:cn,575
1516,S_KostenStelle,1:cn,575
1517,K_KoSt_Variante,1:n,577
1518,K_KoSt_Variante,1:cn,578
1519,S_KostenStelle,1:cn,578
1520,S_KostenStelle,1:cn,578
1521,S_Bezug,1:cn,579
1522,S_KoSt_BG,1:cn,579
1523,S_KoSt_BG,1:cn,579
1524,K_KoSt_KoA,1:cn,579
1525,K_KoSt_KoA,1:cn,579
1526,K_KoSt_KoA,1:cn,579
1527,K_KoSt_KoA,1:cn,579
1528,S_KostenArt,1:cn,579
1529,S_KostenArt,1:cn,579
1530,S_KostenArt,1:cn,579
1531,S_KostenArt,1:cn,579
1532,S_KostenArt,1:cn,579
1533,S_KostenArt,1:cn,579
1534,S_KostenStelle,1:cn,579
1535,S_KostenStelle,1:cn,579
1536,S_KostenStelle,1:cn,580
1537,K_Zuschlag,1:n,581
1538,K_Zuschlag,1:cn,582
1539,K_KoSt_KoA,1:cn,582
1540,S_KostenArt,1:cn,582
1541,MA_TempMat,1:cn,583
1542,MAT_TempActContinuous,1:cn,583
1543,MA_Aktivitaet,1:cn,585
1544,MA_Prozess,1:cn,586
1545,P_ZeitMngEinh,1:cn,586
1546,S_VersandArt,1:cn,586
1547,M_Aktivitaet,1:cn,586
1548,S_Lohnart,1:cn,586
1549,S_Artikel,1:cn,586
1550,P_KostenArtenGr,1:cn,586
1551,ML_Ort,1:cn,586
1552,MA_Aktivitaet,1:01,587
1553,MA_MatZeile,1:n,589
1554,P_Aenderung,1:cn,590
1555,MA_Prozess,1:n,591
1556,MA_Aktivitaet,1:cn,592
1557,M_Ressource,1:cn,592
1558,MA_RessView,1:n,595
1559,MA_TempAktivitaet,1:cn,599
1560,M_ServerKennZ,1:cn,607
1561,PP_StkZeile,1:cn,608
1562,MBT_ActContinuous,1:cn,608
1563,MB_Aktivitaet,1:cn,611
1564,P_ZeitMngEinh,1:cn,612
1565,PP_Auftrag,1:cn,612
1566,M_Aktivitaet,1:cn,612
1567,S_Lohnart,1:cn,612
1568,PP_StkZeile,1:cn,612
1569,S_Artikel,1:cn,612
1570,P_KostenArtenGr,1:cn,612
1571,ML_Ort,1:cn,612
1572,M_Ressource,1:cn,612
1573,MB_Aktivitaet,1:cn,613
1574,MB_Aktivitaet,1:cn,614
1575,MB_Aktivitaet,1:cn,616
1576,M_Ressource,1:cn,616
1577,PP_Auftrag,1:cn,618
1578,MC_Charge,1:cn,618
1579,MC_Charge,1:cn,618
1580,PP_StkZeile,1:cn,618
1581,MLL_Movements,1:cn,618
1582,S_Artikel,1:cn,618
1583,S_Artikel,1:cn,618
1584,MC_Art,1:n,621
1585,S_Artikel,1:cn,622
1586,MDM_MRPAlyFilterRuleSet,1:cn,623
1587,EA_AnfKopf,1:cn,626
1588,S_AuftragsArt,1:cn,626
1589,S_AuftragsArt,1:cn,626
1590,E_RA_Pos,1:cn,626
1591,BU_Benutzer,1:cn,626
1592,BU_Benutzer,1:cn,626
1593,BU_Benutzer,1:cn,626
1594,BU_Benutzer,1:cn,626
1595,S_Artikel,1:cn,626
1596,MA_TempProzess,1:cn,626
1597,ML_Lagergruppe,1:cn,626
1598,S_BelegArt,1:cn,626
1599,S_BelegArt,1:cn,626
1600,ML_Ort,1:cn,626
1601,S_Lieferant,1:cn,626
1602,S_Lieferant,1:cn,626
1603,S_Lieferant,1:cn,626
1604,MMM_CusRefOrder,1:cn,626
1605,S_Artikel,1:cn,626
1606,S_KostenStelle,1:cn,626
1607,ML_Lagergruppe,1:cn,626
1608,ML_Lagergruppe,1:cn,626
1609,ML_Ort,1:cn,627
1610,S_DispoGruppe,1:cn,627
1611,BU_Benutzer,1:cn,627
1612,BU_Benutzer,1:cn,627
1613,BU_Benutzer,1:cn,627
1614,S_Artikel,1:cn,627
1615,MDM_MRPAlyFilterRuleSet,1:cn,627
1616,ML_Lagergruppe,1:cn,627
1617,ML_Lagergruppe,1:cn,627
1618,MMM_CusRefOrder,1:cn,629
1619,MC_Charge,1:cn,629
1620,MMM_CusRefOrder,1:cn,630
1621,MC_Charge,1:cn,630
1622,MLL_Movements,1:c1,631
1623,S_KoTraeger,1:cn,632
1624,ML_Ort,1:cn,632
1625,S_ErgTraeger,1:cn,632
1626,PP_Auftrag,1:cn,632
1627,MLM_StorPartData,1:cn,632
1628,PP_StkZeile,1:cn,632
1629,ML_EntnahmeZeile,1:cn,632
1630,S_Artikel,1:cn,632
1631,S_KostenStelle,1:cn,632
1632,MEM_PostingCode,1:cn,632
1633,S_BelegArt,1:cn,632
1634,MMM_CusRefOrder,1:cn,632
1635,S_Artikel,1:cn,632
1636,MMM_CusRefOrder,1:cn,633
1637,MC_Charge,1:cn,633
1638,ML_Ort,1:01,634
1639,ML_KommZone,1:cn,634
1640,MLL_Movements,1:cn,635
1641,ML_Ort,1:cn,636
1642,S_Artikel,1:cn,636
1643,S_Artikel,1:cn,636
1644,ML_Lagergruppe,1:cn,636
1645,ML_BewertAuftrKopf,1:cn,637
1646,ML_BewertKopf,1:cn,637
1647,ML_BewertPos,1:cn,637
1648,ML_BewertPos,1:cn,638
1649,ML_Ort,1:cn,639
1650,S_Lieferant,1:cn,639
1651,S_Kunde,1:cn,639
1652,S_Artikel,1:cn,640
1653,MLT_Withdrawal,1:cn,640
1654,MLT_Withdrawal,1:cn,640
1655,ML_AbwertTab,1:cn,641
1656,ML_AbwertTab,1:n,643
1657,S_LieferBed,1:cn,644
1658,ML_Ort,1:cn,644
1659,S_VersandArt,1:cn,644
1660,BG_FKopf,1:cn,644
1661,S_AuftragsArt,1:cn,644
1662,VS_Auftrag,1:cn,644
1663,BU_Benutzer,1:cn,644
1664,V_BelegPos,1:cn,645
1665,ML_Ort,1:cn,645
1666,VS_AuftragMKT,1:cn,645
1667,S_Artikel,1:cn,645
1668,ML_BelegKopf,1:cn,645
1669,ML_BewertPos,1:cn,646
1670,ML_BewertAuftrKopf,1:cn,647
1671,BBM_WflWorkGroup,1:cn,648
1672,ML_BewertPos,1:cn,649
1673,ML_BewertKopf,1:cn,650
1674,ML_BewertPos,1:cn,651
1675,ML_EntnahmeKopf,1:cn,653
1676,ML_InvPos,1:cn,654
1677,ML_InvKopf,1:cn,654
1678,ML_InvKopf,1:cn,656
1679,ML_Ort,1:01,657
1680,BU_Benutzer,1:cn,657
1681,ML_KommZone,1:n,658
1682,ML_LGZuord,1:cn,659
1683,ML_Lagergruppe,1:n,660
1684,ML_Lagergruppe,1:cn,661
1685,S_Adresse,1:cn,662
1686,MP_Strategie,1:cn,662
1687,MLM_StockValueGroup,1:cn,662
1688,ML_Lagergruppe,1:cn,662
1689,S_Lieferant,1:cn,662
1690,S_Lieferant,1:cn,662
1691,S_Lieferant,1:cn,662
1692,S_Kunde,1:cn,662
1693,S_Kunde,1:cn,662
1694,ML_Ort,1:n,663
1695,ML_Ort,1:cn,665
1696,S_Bezug,1:cn,668
1697,BU_Benutzer,1:cn,668
1698,S_Mitarbeiter,1:cn,668
1699,MLL_Movements,1:cn,668
1700,PP_RueckAkt,1:cn,669
1701,PP_Auftrag,1:cn,669
1702,MB_Aktivitaet,1:cn,669
1703,PP_StkZeile,1:cn,669
1704,ML_InvPos,1:cn,669
1705,V_BelegPos,1:cn,669
1706,BT_Kopf,1:cn,669
1707,PP_RueckAkt,1:cn,669
1708,MC_Charge,1:cn,669
1709,JBT_Costs,1:cn,669
1710,JBT_PartsPlan,1:cn,669
1711,MLR_ValuationChanges,1:cn,669
1712,S_Artikel,1:cn,669
1713,PP_ValueMovement,1:cn,669
1714,MLT_ValuationValGr,1:cn,669
1715,ML_BewertPos,1:cn,669
1716,S_Lieferant,1:cn,672
1717,S_Kunde,1:cn,672
1718,S_Abladestelle,1:cn,672
1719,S_LieferAdresse,1:cn,672
1720,MA_TempMat,1:cn,673
1721,PP_Auftrag,1:cn,673
1722,MMT_MRPAccount,1:n,673
1723,MMT_MRPAccount,1:n,673
1724,MB_Aktivitaet,1:cn,673
1725,PP_StkZeile,1:cn,673
1726,MA_TempProzess,1:cn,673
1727,MMM_CusRefOrder,1:cn,674
1728,S_ArtGruppe,1:cn,676
1729,S_Artikel,1:cn,676
1730,S_Lieferant,1:cn,677
1731,MA_TempMat,1:cn,677
1732,PP_Auftrag,1:cn,677
1733,MMM_CusRefOrder,1:cn,677
1734,MB_Aktivitaet,1:cn,677
1735,PP_StkZeile,1:cn,677
1736,S_Artikel,1:cn,677
1737,S_KostenStelle,1:cn,677
1738,MA_TempProzess,1:cn,677
1739,ML_Lagergruppe,1:cn,677
1740,S_BelegArt,1:cn,677
1741,S_BelegArt,1:cn,677
1742,S_BelegArt,1:cn,677
1743,ML_Ort,1:cn,677
1744,BBM_WflWorkGroup,1:cn,679
1745,BU_Benutzer,1:cn,679
1746,MMM_CusRefOrder,1:cn,680
1747,MMT_Picking,1:n,680
1748,MMT_PickLine,1:cn,681
1749,MMT_PickLine,1:cn,682
1750,MMT_PickSetLine,1:n,682
1751,MP_ArtResKopf,1:cn,683
1752,MP_Artikel,1:cn,684
1753,MP_Strategie,1:cn,685
1754,S_Artikel,1:cn,685
1755,MP_Platz,1:cn,686
1756,MP_ArtPlatz,1:cn,687
1757,MP_ArtRes,1:cn,688
1758,MP_ArtAnford,1:cn,688
1759,ML_Ort,1:cn,690
1760,MP_Typ,1:cn,690
1761,MP_Bereich,1:n,691
1762,MP_FahrbefehlKopf,1:cn,692
1763,MLL_Movements,1:cn,692
1764,MP_Gewicht,1:01,695
1765,MLL_Movements,1:cn,696
1766,MP_ArtPlatz,1:cn,696
1767,MP_InvPos,1:cn,697
1768,ML_InvPos,1:cn,698
1769,MLL_Movements,1:cn,699
1770,MP_ArtPlatz,1:cn,699
1771,S_Groesse,1:cn,701
1772,MP_Bereich,1:cn,701
1773,S_Groesse,1:cn,702
1774,MP_Platz,1:01,702
1775,MP_Strategie,1:cn,705
1776,DRC_Instance,1:cn,705
1777,DRC_Instance,1:cn,705
1778,DRC_Instance,1:cn,705
1779,MP_Strategie,1:n,706
1780,MP_Typ,1:n,708
1781,E_WE_Pos,1:cn,709
1782,V_BelegPos,1:cn,709
1783,E_BelegPos,1:cn,709
1784,S_Lieferant,1:cn,709
1785,S_Kunde,1:cn,709
1786,MS_SNR,1:cn,709
1787,MS_SNR,1:cn,709
1788,V_BelegStueli,1:cn,709
1789,VS_AuftragMKT,1:cn,709
1790,PP_Auftrag,1:cn,709
1791,PP_StkZeile,1:cn,709
1792,VST_CallPosition,1:cn,709
1793,ML_BelegPos,1:cn,709
1794,MMT_PickLine,1:cn,709
1795,MLT_WithdrawLine,1:cn,709
1796,MS_SNR,1:cn,711
1797,MSM_ActivityType,1:cn,711
1798,VST_MaintContPlanDat,1:cn,711
1799,MS_ProdAktePos,1:cn,712
1800,S_Adresse,1:cn,713
1801,S_Kunde,1:cn,713
1802,MS_SNR,1:cn,713
1803,MS_SNR,1:cn,713
1804,MS_SNR,1:cn,713
1805,M_Ressource,1:cn,713
1806,S_Artikel,1:cn,713
1807,MS_ServiceObjekt,1:cn,713
1808,S_SNRArt,1:cn,713
1809,S_SNRArt,1:cn,713
1810,S_Adresse,1:cn,714
1811,S_Kunde,1:cn,714
1812,MS_SNR,1:cn,714
1813,MS_SNR,1:cn,714
1814,MS_SNR,1:cn,714
1815,MS_ProdAktePos,1:cn,714
1816,MS_ProdAktePos,1:cn,714
1817,M_Ressource,1:cn,714
1818,S_Artikel,1:cn,714
1819,MS_ServiceObjekt,1:cn,714
1820,S_SNRArt,1:cn,714
1821,S_SNRArt,1:cn,714
1822,MST_ProdFilePosDraw,1:cn,714
1823,MS_SNR,1:cn,715
1824,MS_SNR,1:cn,715
1825,MS_ProdAkte,1:cn,715
1826,MS_ProdAktePos,1:cn,715
1827,MS_ProdAktePos,1:cn,715
1828,MS_ProdAktePos,1:cn,715
1829,PP_StkZeile,1:cn,715
1830,S_Artikel,1:cn,715
1831,S_SNRArt,1:cn,715
1832,S_SNRArt,1:cn,715
1833,P_StkZeile,1:cn,715
1834,MS_SNR,1:cn,716
1835,MS_ProdAkte,1:cn,716
1836,S_SNRArt,1:cn,716
1837,MS_SNR,1:cn,717
1838,MS_ProdAkte,1:cn,717
1839,S_SNRArt,1:cn,717
1840,MS_SNR,1:cn,718
1841,S_Artikel,1:cn,718
1842,S_SNRArt,1:cn,718
1843,S_Adresse,1:cn,719
1844,S_Adresse,1:cn,719
1845,S_Kunde,1:cn,719
1846,M_Ressource,1:cn,719
1847,M_Ressource,1:cn,719
1848,MS_ServiceObjekt,1:n,720
1849,S_Bezug,1:cn,721
1850,S_Adresse,1:cn,721
1851,S_Kunde,1:cn,721
1852,S_Kunde,1:cn,721
1853,MS_SNRAustausch,1:cn,721
1854,BU_Benutzer,1:cn,721
1855,M_Ressource,1:cn,721
1856,M_Ressource,1:cn,721
1857,S_Artikel,1:cn,721
1858,S_Artikel,1:cn,721
1859,S_SNRTyp,1:cn,721
1860,MS_ServiceObjekt,1:cn,721
1861,MS_ServiceObjekt,1:cn,721
1862,S_SNRArt,1:cn,721
1863,S_SNRArt,1:cn,721
1864,MS_SNR,1:cn,722
1865,MS_SNR,1:cn,722
1866,S_SNRArt,1:cn,722
1867,S_SNRArt,1:cn,722
1868,MS_SNR,1:cn,723
1869,MS_SNR,1:cn,723
1870,S_SNRArt,1:cn,723
1871,MS_SNR,1:cn,724
1872,MS_SNR,1:cn,724
1873,S_SNRArt,1:cn,724
1874,MS_Stillstandsart,1:cn,724
1875,MS_Stillstandsart,1:cn,724
1876,MS_SNR,1:cn,725
1877,MS_SNR,1:cn,725
1878,S_SNRArt,1:cn,725
1879,S_SNRArt,1:cn,725
1880,MS_Stillstandsart,1:n,727
1881,P_ZeitMngEinh,1:cn,737
1882,S_VersandArt,1:cn,737
1883,S_Lohnart,1:cn,737
1884,S_Artikel,1:cn,737
1885,P_KostenArtenGr,1:cn,737
1886,ML_Ort,1:cn,737
1887,M_Aktivitaet,1:cn,739
1888,S_KoTraeger,1:cn,741
1889,ML_Ort,1:cn,741
1890,BU_Benutzer,1:cn,741
1891,S_KostenStelle,1:cn,741
1892,ML_Lagergruppe,1:cn,741
1893,JBT_Project,1:cn,741
1894,ML_Ort,1:cn,742
1895,M_BelegKopf,1:cn,742
1896,E_ArtLief,1:cn,742
1897,S_Artikel,1:cn,742
1898,M_Ressource,1:cn,746
1899,M_Kalender,1:cn,748
1900,M_Kalender,1:cn,749
1901,M_Kalender,1:n,750
1902,M_Kalender,1:cn,751
1903,M_Ressource,1:cn,751
1904,M_KostenArtenGr,1:cn,752
1905,M_KostenArtenGr,1:n,754
1906,M_KostenArtenTyp,1:n,756
1907,S_Artikel,1:c1,760
1908,M_Packmittel,1:cn,761
1909,M_Packmittel,1:cn,761
1910,S_Artikel,1:cn,761
1911,ML_Ort,1:cn,762
1912,M_Packmittel,1:cn,762
1913,S_Lieferant,1:cn,763
1914,S_Kunde,1:cn,763
1915,M_Packmittel,1:cn,763
1916,ML_Ort,1:cn,764
1917,M_PackPool,1:cn,764
1918,M_PackVorschrift,1:n,766
1919,M_Platz,1:n,768
1920,M_Prioritaet,1:n,770
1921,M_RessAltGr,1:n,773
1922,M_RessGruppe,1:cn,775
1923,M_Kalender,1:cn,777
1924,S_KostenStelle,1:cn,777
1925,M_Ressource,1:cn,778
1926,M_Server,1:n,781
1927,S_Artikel,1:cn,782
1928,M_ZeitModel,1:n,788
1929,OD_Archive,1:cn,789
1930,OD_Container,1:cn,790
1931,O_OrdnerDok,1:01,790
1932,OD_Dokumente,1:cn,790
1933,O_ClusterArchives,1:01,790
1934,OD_CollectionKopf,1:cn,794
1935,OD_Volumen,1:cn,796
1936,OS_DokTypVorlagen,1:01,797
1937,O_ClusterDocuments,1:01,797
1938,OD_GeraeteTypen,1:cn,798
1939,OD_GeraeteTypen,1:n,800
1940,OD_Geraete,1:cn,801
1941,OD_MedienTypen,1:cn,801
1942,OD_MedienTypen,1:n,803
1943,OD_Archive,1:cn,804
1944,OD_Medien,1:cn,805
1945,OD_Dokumente,1:01,808
1946,OS_DokTypen,1:n,809
1947,OS_DokTypen,1:cn,810
1948,OS_DokTypen,1:cn,811
1949,OD_Dokumente,1:cn,813
1950,OS_Schlagworte,1:01,814
1951,OS_SchlagwortTypen,1:n,815
1952,OS_SchlagwortTypen,1:cn,816
1953,O_Cluster,1:cn,818
1954,O_Cluster,1:cn,819
1955,O_Ordner,1:cn,822
1956,O_Ordner,1:n,823
1957,PB_BdeToErpPos,1:n,824
1958,PB_BdeToErpPos,1:n,826
1959,PB_BdeToErpPos,1:n,828
1960,PB_BdeToErpHead,1:n,829
1961,PB_BdeToErpPos,1:n,830
1962,PC_Kategorie,1:n,834
1963,S_Artikel,1:cn,840
1964,PL_AplKopf,1:cn,840
1965,M_RessGruppe,1:cn,840
1966,S_ArtGruppe,1:cn,841
1967,S_Artikel,1:cn,841
1968,S_ArtGruppe,1:cn,842
1969,S_Artikel,1:cn,842
1970,M_RessGruppe,1:cn,843
1971,M_RessGruppe,1:cn,844
1972,S_ArtGruppe,1:cn,845
1973,S_Artikel,1:cn,846
1974,PL_Stkkopf,1:cn,846
1975,S_KoTraeger,1:cn,847
1976,PP_SammelAuftrag,1:cn,847
1977,ML_Ort,1:cn,847
1978,PP_AuftragGruppeZeile,1:01,847
1979,BB_VorgangsKette,1:cn,847
1980,PP_SammelZeile,1:cn,847
1981,S_AuftragsArt,1:cn,847
1982,MB_Aktivitaet,1:01,847
1983,BU_Benutzer,1:cn,847
1984,S_Artikel,1:cn,847
1985,PP_AuftragGruppe,1:n,849
1986,PP_AuftragGruppe,1:cn,850
1987,PP_BuchungsHinweis,1:n,852
1988,MB_Aktivitaet,1:cn,854
1989,S_Mitarbeiter,1:cn,854
1990,PP_StkZeile,1:cn,855
1991,PP_StkZeile,1:cn,857
1992,PP_SammelKopf,1:cn,857
1993,MD_Artikel,1:cn,858
1994,S_MengenEinheit,1:cn,858
1995,PP_Auftrag,1:cn,858
1996,S_Artikel,1:cn,858
1997,PP_StkZeile,1:n,859
1998,P_Aenderung,1:cn,865
1999,PP_Auftrag,1:cn,865
2000,P_Zeichnung,1:cn,865
2001,PP_StkZeile,1:cn,865
2002,S_Bauteiltyp,1:cn,866
2003,PP_Auftrag,1:cn,866
2004,PP_StkZeile,1:cn,866
2005,S_Artikel,1:cn,866
2006,P_StkKopf,1:cn,867
2007,S_Bauteiltyp,1:cn,867
2008,S_Artikel,1:cn,867
2009,P_StkZeile,1:cn,867
2010,BB_VorgangsKette,1:cn,868
2011,S_Artikel,1:cn,868
2012,BS_Kopf,1:cn,870
2013,PV_Pruefung,1:n,871
2014,PV_Kopf,1:cn,872
2015,BU_Benutzer,1:cn,873
2016,BS_Kopf,1:cn,873
2017,P_Aenderung,1:n,874
2018,P_Aenderung,1:cn,875
2019,BU_Benutzer,1:cn,875
2020,P_KostenArtenTyp,1:cn,877
2021,S_Bezug,1:cn,877
2022,S_Bezug,1:cn,877
2023,S_ErgKonto,1:cn,877
2024,S_ErgKonto,1:cn,877
2025,P_KostenArtenGr,1:cn,877
2026,P_KostenArtenGr,1:n,879
2027,P_KostenArtenTyp,1:n,881
2028,P_OptJob,1:cn,884
2029,P_Aenderung,1:cn,885
2030,BB_VorgangsKette,1:cn,885
2031,S_Artikel,1:cn,885
2032,MA_Prozess,1:cn,886
2033,P_StkKopf,1:cn,886
2034,PV_Zeile,1:cn,887
2035,MD_Artikel,1:cn,887
2036,S_MengenEinheit,1:cn,887
2037,P_StkKopf,1:cn,887
2038,PS_StkZeile,1:cn,887
2039,S_Artikel,1:cn,887
2040,P_StkZeile,1:n,888
2041,S_Kunde,1:cn,889
2042,BS_Kopf,1:cn,889
2043,P_Zeichnung,1:cn,890
2044,P_Zeichnung,1:cn,890
2045,P_Zeichnung,1:cn,891
2046,P_Zeichnung,1:cn,891
2047,S_Artikel,1:cn,891
2048,P_Zeichnung,1:cn,892
2049,P_Zeichnung,1:cn,892
2050,P_Zeichnung,1:n,893
2051,M_Aktivitaet,1:cn,894
2052,P_ZeitMngEinh,1:n,896
2053,RB_Leistung,1:cn,897
2054,S_Bezug,1:cn,897
2055,S_ErgKonto,1:cn,897
2056,S_ErgTraeger,1:cn,897
2057,S_BuchJahr,1:cn,897
2058,RB_Salden,1:cn,897
2059,S_ErgKonto,1:cn,898
2060,S_ErgTraeger,1:cn,898
2061,S_ErgKonto,1:cn,899
2062,S_ErgTraeger,1:cn,899
2063,R_Kto_Variante,1:cn,900
2064,R_ET_Variante,1:cn,901
2065,S_BuchJahr,1:cn,902
2066,S_BuchJahr,1:cn,903
2067,RP_PlanVariante,1:n,904
2068,IA_PlanVT,1:cn,905
2069,S_Bezug,1:cn,905
2070,RP_PlanVariante,1:cn,905
2071,S_ErgKonto,1:cn,905
2072,S_ErgTraeger,1:cn,905
2073,S_Bezug,1:cn,906
2074,RP_PlanVariante,1:cn,906
2075,S_ErgKonto,1:cn,906
2076,S_ErgTraeger,1:cn,906
2077,S_Bezug,1:cn,907
2078,S_ErgKonto,1:cn,907
2079,S_ErgTraeger,1:cn,907
2080,RS_Kopf,1:cn,907
2081,S_BuchJahr,1:cn,907
2082,R_ET_Variante,1:n,910
2083,R_ET_Variante,1:cn,911
2084,S_ErgTraeger,1:cn,911
2085,S_ErgTraeger,1:cn,911
2086,R_Kto_Variante,1:n,914
2087,S_ErgKonto,1:cn,915
2088,S_ErgKonto,1:cn,915
2089,S_ErgKonto,1:cn,915
2090,R_Kto_Variante,1:cn,915
2091,S_KoTraeger,1:cn,916
2092,S_Artikel,1:cn,916
2093,SA_SpaAnsZuo,1:cn,917
2094,SA_SpaAnsZuo,1:cn,917
2095,SAM_ExportPos,1:cn,920
2096,SAM_ExportCategoryHead,1:cn,920
2097,SAM_ExportCategoryHead,1:cn,920
2098,SAM_ExportSelectionHead,1:cn,921
2099,SAM_ExportConfigHead,1:cn,922
2100,SAM_ExportAttr,1:cn,924
2101,SAM_ExportPos,1:cn,924
2102,SAM_ExportPos,1:cn,926
2103,SAM_ExportSelectionHead,1:cn,926
2104,SA_SpaAnsicht,1:cn,927
2105,SA_Kopf,1:cn,927
2106,SA_SetStamm,1:cn,927
2107,SA_Zeile,1:cn,927
2108,SA_ZeiAnsZuo,1:cn,927
2109,SA_SpaAnsZuo,1:cn,927
2110,SA_Spalte,1:cn,927
2111,S_Firma,1:cn,929
2112,SA_Zeile,1:cn,929
2113,D_Modul,1:cn,930
2114,DRC_Instance,1:cn,930
2115,DRC_Instance,1:cn,930
2116,DRC_Instance,1:cn,930
2117,DRC_Instance,1:cn,930
2118,DRC_Instance,1:cn,930
2119,DRC_Instance,1:cn,930
2120,DRC_Instance,1:cn,930
2121,DRC_Instance,1:cn,930
2122,DRC_Instance,1:cn,930
2123,DRC_Instance,1:cn,930
2124,DRC_Instance,1:cn,930
2125,SA_Art,1:cn,931
2126,SA_ArtSpalte,1:n,932
2127,SA_Art,1:n,933
2128,S_BuchJahr,1:cn,934
2129,SA_WertKopf,1:cn,934
2130,SA_Wert,1:cn,935
2131,SA_WertKopf,1:cn,936
2132,SA_Zeile,1:cn,937
2133,S_ErgKonto,1:cn,937
2134,S_ErgKonto,1:cn,937
2135,SA_Zeile,1:cn,938
2136,S_ErgTraeger,1:cn,938
2137,S_ErgTraeger,1:cn,938
2138,SA_Kopf,1:cn,939
2139,S_ErgKonto,1:cn,939
2140,S_ErgKonto,1:cn,939
2141,SA_Zeile,1:cn,940
2142,SA_Spalte,1:cn,940
2143,SA_Zeile,1:cn,941
2144,SA_Spalte,1:cn,941
2145,SA_HinweisArt,1:cn,942
2146,SA_WertKopf,1:cn,942
2147,SA_HinweisArt,1:n,944
2148,S_BuchJahr,1:cn,945
2149,S_Firma,1:cn,946
2150,S_Konto,1:cn,946
2151,SA_Zeile,1:cn,946
2152,T_KoTr_Variante,1:cn,947
2153,K_KoSt_Variante,1:cn,947
2154,K_KoA_Variante,1:cn,947
2155,S_KoA_Variante,1:cn,947
2156,R_Kto_Variante,1:cn,947
2157,SA_Kopf,1:n,948
2158,SA_Zeile,1:cn,949
2159,S_KostenArt,1:cn,949
2160,S_KostenArt,1:cn,949
2161,K_Zuschlag,1:cn,950
2162,K_KostenSatz,1:cn,950
2163,SA_Zeile,1:cn,950
2164,SA_Zeile,1:cn,951
2165,S_KostenStelle,1:cn,951
2166,S_KostenStelle,1:cn,951
2167,S_KoTraeger,1:cn,952
2168,S_KoTraeger,1:cn,952
2169,SA_Zeile,1:cn,952
2170,SA_WertKopf,1:cn,953
2171,BS_Kopf,1:cn,954
2172,BS_Kopf,1:cn,955
2173,SA_Set,1:n,955
2174,S_KoTraeger,1:cn,956
2175,S_Firma,1:cn,956
2176,S_ErgKonto,1:cn,956
2177,S_ErgTraeger,1:cn,956
2178,S_TrKoArt,1:cn,956
2179,S_KostenArt,1:cn,956
2180,S_KostenStelle,1:cn,956
2181,BS_Kopf,1:cn,956
2182,SA_Set,1:cn,956
2183,SAM_SearchPattern,1:cn,956
2184,SA_SetStamm,1:n,957
2185,BS_Kopf,1:cn,957
2186,SAM_SearchPattern,1:cn,957
2187,SA_Kopf,1:cn,958
2188,BS_Kopf,1:cn,958
2189,SA_Set,1:cn,958
2190,SA_Kopf,1:cn,959
2191,SA_SpaAnsicht,1:n,960
2192,SA_SpaAnsicht,1:cn,961
2193,SA_SpaAnsZuo,1:n,962
2194,SA_ArtSpalte,1:cn,963
2195,SA_Kopf,1:cn,963
2196,SA_Zeile,1:cn,963
2197,SA_Zeile,1:cn,963
2198,SAM_ExportAttr,1:cn,963
2199,SA_Spalte,1:cn,963
2200,SA_Spalte,1:cn,963
2201,SA_Spalte,1:n,964
2202,SA_Zeile,1:cn,965
2203,S_TrKoArt,1:cn,965
2204,S_TrKoArt,1:cn,965
2205,SA_ArtSpalte,1:cn,966
2206,SA_Spalte,1:cn,966
2207,SA_Spalte,1:cn,967
2208,SA_Spalte,1:cn,967
2209,SA_WertKopf,1:cn,968
2210,R_ET_Variante,1:cn,969
2211,S_KoTraeger,1:cn,969
2212,SA_Kopf,1:cn,969
2213,TP_PlanVariante,1:cn,969
2214,RP_PlanVariante,1:cn,969
2215,T_KoTr_Variante,1:cn,969
2216,S_ErgTraeger,1:cn,969
2217,S_TrKoArt,1:cn,969
2218,K_KoSt_Variante,1:cn,969
2219,S_BuchJahr,1:cn,969
2220,BU_Benutzer,1:cn,969
2221,K_KoA_Variante,1:cn,969
2222,S_KostenArt,1:cn,969
2223,S_KostenStelle,1:cn,969
2224,SA_WertKopf,1:cn,969
2225,KP_PlanVariante,1:cn,969
2226,S_KoA_Variante,1:cn,969
2227,R_Kto_Variante,1:cn,969
2228,SAM_SearchPattern,1:cn,969
2229,SA_Kopf,1:cn,970
2230,SA_ZeiAnsicht,1:n,971
2231,SA_ZeiAnsicht,1:cn,972
2232,SA_Zeile,1:cn,972
2233,FA_PlanVorgang,1:cn,973
2234,S_Bezug,1:cn,973
2235,SA_Kopf,1:cn,973
2236,SK_Kennzahl,1:cn,973
2237,SAM_ExportPos,1:cn,973
2238,SA_Zeile,1:n,974
2239,S_Bezug,1:cn,975
2240,SA_Kopf,1:cn,975
2241,S_TrKoArt,1:cn,975
2242,S_TrKoArt,1:cn,975
2243,S_KostenArt,1:cn,975
2244,S_KostenStelle,1:cn,975
2245,SBC_Area,1:cn,977
2246,S_Bezug,1:cn,978
2247,S_TrKoArt,1:cn,978
2248,S_TrKoArt,1:cn,978
2249,S_KostenArt,1:cn,978
2250,S_KostenStelle,1:cn,978
2251,S_ErgKonto,1:cn,979
2252,S_ErgKonto,1:cn,979
2253,S_Adresse,1:cn,980
2254,S_Adresse,1:cn,980
2255,S_Bank,1:cn,981
2256,S_Lieferant,1:cn,981
2257,S_Kunde,1:cn,981
2258,S_KoA_Variante,1:cn,982
2259,S_ZahlZiel,1:cn,984
2260,S_Lieferant,1:cn,985
2261,S_Kunde,1:cn,985
2262,S_MengenEinheit,1:cn,987
2263,S_ArtKunde,1:cn,987
2264,S_ArtKunde,1:cn,987
2265,M_PackVorschrift,1:cn,987
2266,S_Konto,1:cn,989
2267,SBM_CostingGroup,1:cn,990
2268,SBM_ValueFlowGroup,1:cn,990
2269,SA_Kopf,1:cn,991
2270,SA_Kopf,1:cn,991
2271,SA_Kopf,1:cn,991
2272,SA_Kopf,1:cn,991
2273,S_ArtKtoGr,1:cn,991
2274,V_SendungKopf,1:cn,992
2275,EBT_PurchRelease,1:cn,992
2276,V_BelegKopf,1:cn,992
2277,E_BelegKopf,1:cn,992
2278,SBM_Address,1:cn,993
2279,EBT_DesAdv,1:cn,993
2280,EBT_CallOrder,1:cn,993
2281,VST_Call,1:cn,993
2282,EBT_CallOrder,1:cn,993
2283,EBT_CallOrder,1:cn,993
2284,EBT_CallOrder,1:cn,993
2285,VST_MaintContract,1:cn,993
2286,VST_MaintContract,1:cn,993
2287,VST_MaintContract,1:cn,993
2288,VST_MaintContract,1:cn,993
2289,VST_MaintContract,1:cn,993
2290,S_Lieferant,1:cn,995
2291,S_Firma,1:cn,995
2292,S_Kunde,1:cn,995
2293,SD_Kopf,1:cn,996
2294,SD_Element,1:n,1000
2295,SD_Fehler,1:n,1003
2296,SD_FElement,1:n,1005
2297,SD_FFehler,1:n,1007
2298,SD_FElement,1:cn,1009
2299,SD_FVersion,1:cn,1009
2300,SD_FElement,1:cn,1010
2301,SD_FNachKopf,1:cn,1010
2302,SD_FVersion,1:n,1013
2303,SD_Konfig,1:cn,1015
2304,SD_Kopf,1:cn,1016
2305,S_LieferBed,1:cn,1017
2306,SD_LieferBed,1:n,1018
2307,S_MengenEinheit,1:cn,1019
2308,SD_MengenEinheit,1:n,1020
2309,SD_Element,1:cn,1021
2310,SD_Version,1:cn,1021
2311,SD_NachKopf,1:cn,1022
2312,SD_Element,1:cn,1022
2313,BBM_WflWorkGroup,1:cn,1023
2314,SD_FNachKopf,1:cn,1023
2315,BG_FKopf,1:cn,1024
2316,SD_Kopf,1:cn,1025
2317,S_VersandArt,1:cn,1026
2318,SD_VersandArt,1:n,1027
2319,SD_Version,1:n,1029
2320,S_Waehrung,1:cn,1030
2321,SD_Waehrung,1:n,1031
2322,SD_ZahlungsArt,1:n,1033
2323,SD_Kopf,1:cn,1034
2324,SA_Zeile,1:cn,1035
2325,SK_Kennzahl,1:cn,1035
2326,SK_Bereich,1:n,1038
2327,SA_ArtSpalte,1:cn,1039
2328,SK_Kennzahl,1:cn,1039
2329,SK_Kennzahl,1:cn,1040
2330,SK_Kennzahl,1:cn,1040
2331,SK_Kennzahl,1:cn,1041
2332,SA_Spalte,1:cn,1041
2333,SK_RateAgentur,1:cn,1042
2334,SK_Skala,1:cn,1042
2335,SK_Bereich,1:cn,1042
2336,SK_KennzID,1:cn,1042
2337,SK_Kennzahl,1:n,1043
2338,SK_KennzID,1:cn,1044
2339,SK_KennzBew,1:n,1045
2340,D_Modul,1:cn,1046
2341,SK_KennzID,1:n,1047
2342,SK_RateAgentur,1:n,1050
2343,SK_RateAgentur,1:cn,1051
2344,SK_Rating,1:n,1052
2345,SK_Skala,1:n,1054
2346,SK_Skala,1:cn,1055
2347,S_ArtGruppe,1:cn,1056
2348,S_ArtGruppe,1:cn,1056
2349,S_Sparte,1:cn,1056
2350,S_Sparte,1:cn,1056
2351,SK_Kennzahl,1:cn,1056
2352,M_Ressource,1:cn,1056
2353,M_Ressource,1:cn,1056
2354,M_RessGruppe,1:cn,1056
2355,M_RessGruppe,1:cn,1056
2356,SK_Kennzahl,1:cn,1057
2357,SA_Spalte,1:cn,1057
2358,SA_ArtSpalte,1:cn,1058
2359,SK_Kennzahl,1:cn,1058
2360,S_Bundesland,1:cn,1060
2361,S_Staat,1:cn,1060
2362,S_Lieferant,1:cn,1061
2363,S_Lieferant,1:cn,1062
2364,S_Aktion,1:cn,1062
2365,S_Artikel,1:cn,1062
2366,S_StaffelGruppe,1:cn,1062
2367,S_PreisGruppe,1:cn,1062
2368,S_Aktion,1:n,1063
2369,S_AktionDatum,1:cn,1064
2370,S_AktionDatum,1:cn,1065
2371,S_Adresse,1:cn,1066
2372,S_Lieferant,1:cn,1066
2373,S_Hersteller,1:cn,1066
2374,A_KontenGruppe,1:cn,1066
2375,S_Artikel,1:cn,1066
2376,S_KostenStelle,1:cn,1066
2377,S_AnlageArt,1:cn,1066
2378,A_KontenGruppe,1:cn,1067
2379,S_AnlageArt,1:n,1068
2380,S_KostenStelle,1:cn,1069
2381,S_Anlage,1:cn,1069
2382,S_Anlage,1:cn,1070
2383,S_Anlage,1:cn,1070
2384,S_Anlage,1:n,1071
2385,S_Adresse,1:cn,1072
2386,S_Adresse,1:cn,1073
2387,S_Lieferant,1:cn,1073
2388,S_Kunde,1:cn,1073
2389,VC_Interessent,1:cn,1073
2390,MS_ServiceObjekt,1:cn,1073
2391,S_Selektionscode,1:cn,1073
2392,S_ArtBSZuord,1:cn,1074
2393,S_ArtKtoGr,1:cn,1074
2394,S_Artikel,1:cn,1075
2395,S_ArtAlternativ,1:n,1076
2396,S_ArtKtoGr,1:cn,1077
2397,S_MengenEinheit,1:cn,1078
2398,BU_Benutzer,1:cn,1078
2399,S_ArtGruppe,1:n,1079
2400,S_Hersteller,1:cn,1080
2401,S_Artikel,1:cn,1080
2402,S_ArtProvision,1:cn,1081
2403,S_KoTraeger,1:cn,1081
2404,S_ArtGruppe,1:cn,1081
2405,S_MengenEinheit,1:cn,1081
2406,S_MengenEinheit,1:cn,1081
2407,S_MengenEinheit,1:cn,1081
2408,S_Bauteiltyp,1:cn,1081
2409,S_ArtRabatt,1:cn,1081
2410,MC_Art,1:cn,1081
2411,S_Sparte,1:cn,1081
2412,M_Stueli,1:01,1081
2413,El_BewertGruppe,1:cn,1081
2414,S_ArtVarTyp,1:cn,1081
2415,S_ArtAlternativ,1:01,1081
2416,BU_Benutzer,1:cn,1081
2417,S_SNRTyp,1:cn,1081
2418,S_ZolltarifNr,1:cn,1081
2419,S_SNRArt,1:cn,1081
2420,SBM_ValueFlowGroup,1:cn,1081
2421,S_PreisEinheit,1:cn,1081
2422,S_ArtikelArt,1:cn,1081
2423,S_Staat,1:cn,1081
2424,S_ArtikelArt,1:n,1083
2425,S_Artikel,1:cn,1084
2426,S_Artikel,1:n,1085
2427,S_Konto,1:cn,1086
2428,S_Konto,1:cn,1086
2429,S_Konto,1:cn,1086
2430,S_Konto,1:cn,1086
2431,S_ArtKtoGr,1:n,1087
2432,S_AuftragsArt,1:cn,1088
2433,S_SteuerGruppe,1:cn,1088
2434,S_ArtKtoGr,1:cn,1088
2435,S_LieferBed,1:cn,1089
2436,S_Kunde,1:cn,1089
2437,S_Artikel,1:cn,1089
2438,S_ArtKunde,1:cn,1090
2439,S_StaffelGruppe,1:cn,1090
2440,S_ArtKunde,1:cn,1091
2441,S_StaffelGruppe,1:cn,1091
2442,S_ArtKundeRabDatum,1:cn,1092
2443,S_ArtKundeDatum,1:cn,1093
2444,S_Groesse,1:cn,1094
2445,S_MengenEinheit,1:cn,1094
2446,S_Artikel,1:cn,1094
2447,M_PackVorschrift,1:cn,1094
2448,S_Artikel,1:cn,1095
2449,S_StaffelGruppe,1:cn,1095
2450,S_PreisGruppe,1:cn,1095
2451,S_ArtPreiseDatum,1:cn,1096
2452,S_ProdGruppe,1:cn,1097
2453,S_Artikel,1:cn,1097
2454,S_ArtProvision,1:cn,1098
2455,S_ArtProvision,1:n,1100
2456,S_ArtRabatt,1:n,1102
2457,S_ArtRabatt,1:cn,1103
2458,S_StaffelGruppe,1:cn,1103
2459,S_ArtRabDatum,1:cn,1104
2460,S_ArtVarTyp,1:cn,1105
2461,S_ArtVar,1:n,1106
2462,S_ArtVarTyp,1:n,1108
2463,S_AuftragsArt,1:n,1110
2464,S_PreisGruppe,1:cn,1111
2465,S_Adresse,1:n,1113
2466,BJ_Papier,1:cn,1114
2467,S_Bank,1:cn,1114
2468,S_Konto,1:cn,1114
2469,S_Bauteiltyp,1:n,1116
2470,D_Modul,1:cn,1117
2471,BG_Kopf,1:cn,1117
2472,S_BelegArt,1:n,1118
2473,S_BelegArt,1:cn,1119
2474,S_Lieferant,1:cn,1119
2475,BG_FKopf,1:cn,1119
2476,BG_FKopf,1:cn,1119
2477,BG_FKopf,1:cn,1119
2478,S_Kunde,1:cn,1119
2479,S_AuftragsArt,1:cn,1119
2480,BBM_WflWorkGroup,1:cn,1119
2481,S_Adresse,1:cn,1120
2482,S_Lieferant,1:cn,1120
2483,S_BetrKalDatum,1:cn,1122
2484,S_BetrKalender,1:cn,1124
2485,S_Bezug,1:cn,1126
2486,S_Bezug,1:n,1127
2487,S_Branche,1:n,1129
2488,S_BuchHerk,1:n,1131
2489,VC_Wettbewerber,1:01,1133
2490,S_Staat,1:cn,1133
2491,S_DataNorm,1:cn,1135
2492,S_DataNorm,1:cn,1136
2493,S_DataNorm,1:cn,1137
2494,S_DataNorm,1:cn,1138
2495,S_DataNorm,1:cn,1139
2496,BU_Benutzer,1:cn,1140
2497,BU_Benutzer,1:cn,1140
2498,BU_Benutzer,1:cn,1140
2499,S_DispoGruppe,1:n,1141
2500,S_Lieferant,1:cn,1142
2501,S_MengenEinheit,1:cn,1142
2502,S_Artikel,1:cn,1142
2503,BBM_WflWorkGroup,1:cn,1143
2504,S_ErgKonto,1:n,1144
2505,BBM_WflWorkGroup,1:cn,1145
2506,S_ErgTraeger,1:n,1146
2507,VC_MktAktion,1:01,1149
2508,S_Bank,1:cn,1149
2509,S_Adresse,1:cn,1149
2510,VC_Wettbewerber,1:01,1149
2511,VC_Interessent,1:c1,1149
2512,BU_Benutzer,1:cn,1149
2513,BU_Benutzer,1:cn,1149
2514,BU_Benutzer,1:cn,1149
2515,BU_Benutzer,1:cn,1149
2516,BU_Benutzer,1:cn,1149
2517,S_Staat,1:cn,1149
2518,S_Adresse,1:cn,1150
2519,S_VersandArt,1:cn,1151
2520,S_PreisGruppe,1:cn,1151
2521,S_Lieferant,1:cn,1152
2522,S_Konto,1:cn,1152
2523,S_Konto,1:cn,1152
2524,S_Kunde,1:cn,1152
2525,S_Groesse,1:cn,1154
2526,S_Groesse,1:n,1155
2527,S_GVCode,1:n,1157
2528,S_IncoTerm,1:n,1160
2529,E_WE_Pos,1:cn,1161
2530,E_BelegPos,1:cn,1161
2531,ER_BelegPos,1:cn,1161
2532,S_ZolltarifNr,1:cn,1161
2533,S_Staat,1:cn,1161
2534,S_Staat,1:cn,1161
2535,S_Lieferant,1:cn,1162
2536,S_Kunde,1:cn,1162
2537,S_KoA_Variante,1:n,1164
2538,S_TrKoArt,1:cn,1165
2539,S_TrKoArt,1:cn,1165
2540,S_TrKoArt,1:cn,1165
2541,S_KoA_Variante,1:cn,1165
2542,S_Lieferant,1:01,1167
2543,S_Kunde,1:01,1167
2544,S_Waehrung,1:cn,1167
2545,BBM_WflWorkGroup,1:cn,1167
2546,S_SammelKonto,1:cn,1167
2547,S_Konto,1:n,1169
2548,S_Konto,1:cn,1170
2549,S_Steuer,1:cn,1170
2550,S_Kunde,1:c1,1171
2551,VC_Interessent,1:01,1171
2552,S_BuchJahr,1:cn,1172
2553,BBM_WflWorkGroup,1:cn,1173
2554,BBM_WflWorkGroup,1:cn,1173
2555,BBM_WflWorkGroup,1:cn,1173
2556,BBM_WflWorkGroup,1:cn,1173
2557,BBM_WflWorkGroup,1:cn,1173
2558,BBM_WflWorkGroup,1:cn,1173
2559,BBM_WflWorkGroup,1:cn,1174
2560,S_KostenArt,1:cn,1174
2561,S_KostenArt,1:cn,1174
2562,S_KostenArt,1:n,1175
2563,S_Bezug,1:cn,1176
2564,BBM_WflWorkGroup,1:cn,1176
2565,S_KostenStelle,1:n,1177
2566,S_Bezug,1:cn,1178
2567,S_KostenStelle,1:cn,1178
2568,S_KoSt_BG,1:cn,1179
2569,BBM_WflWorkGroup,1:cn,1180
2570,S_KoTraeger,1:n,1181
2571,S_KunRabatt,1:cn,1182
2572,S_ArtRabatt,1:cn,1182
2573,S_StaffelGruppe,1:cn,1182
2574,S_KRabARabDatum,1:cn,1183
2575,S_ErgKonto,1:cn,1184
2576,S_ErgTraeger,1:cn,1184
2577,S_KostenArt,1:cn,1184
2578,S_KostenArt,1:cn,1184
2579,S_KostenStelle,1:cn,1184
2580,S_KoTraeger,1:cn,1185
2581,S_TrKoArt,1:cn,1185
2582,S_KostenArt,1:cn,1185
2583,S_KostenArt,1:cn,1185
2584,S_KostenStelle,1:cn,1185
2585,S_Konto,1:cn,1186
2586,S_Steuer,1:cn,1186
2587,S_ArtKtoStGr,1:cn,1186
2588,S_KoTraeger,1:cn,1187
2589,S_ErgKonto,1:cn,1187
2590,S_ErgTraeger,1:cn,1187
2591,S_TrKoArt,1:cn,1187
2592,S_TrKoArt,1:cn,1187
2593,S_KoTraeger,1:cn,1188
2594,S_TrKoArt,1:cn,1188
2595,S_TrKoArt,1:cn,1188
2596,S_KostenArt,1:cn,1188
2597,S_KostenStelle,1:cn,1188
2598,S_ArtRabatt,1:cn,1189
2599,S_Kunde,1:cn,1189
2600,S_StaffelGruppe,1:cn,1189
2601,S_KunARabDatum,1:cn,1190
2602,S_LieferBed,1:cn,1191
2603,S_VersandArt,1:cn,1191
2604,S_Adresse,1:cn,1191
2605,S_Adresse,1:cn,1191
2606,S_WKV,1:cn,1191
2607,S_Region,1:cn,1191
2608,S_Konzern,1:cn,1191
2609,S_KunRabatt,1:cn,1191
2610,S_Verband,1:c1,1191
2611,S_Waehrung,1:cn,1191
2612,VC_Interessent,1:c1,1191
2613,S_ZahlZiel,1:cn,1191
2614,S_SteuerGruppe,1:cn,1191
2615,S_SteuerGruppe,1:cn,1191
2616,S_RechInt,1:cn,1191
2617,BU_Benutzer,1:cn,1191
2618,S_Branche,1:cn,1191
2619,S_PreisGruppe,1:cn,1191
2620,S_Staat,1:cn,1191
2621,S_Vertreter,1:cn,1192
2622,S_Kunde,1:cn,1192
2623,S_KunRabatt,1:n,1194
2624,S_KunRabatt,1:cn,1195
2625,S_KundeVertreter,1:cn,1196
2626,S_ArtProvision,1:cn,1197
2627,S_KundeVertreter,1:cn,1197
2628,S_Adresse,1:cn,1198
2629,S_Kunde,1:cn,1198
2630,S_LieferBed,1:cn,1199
2631,S_VersandArt,1:cn,1199
2632,S_Adresse,1:cn,1199
2633,S_Waehrung,1:cn,1199
2634,S_ZahlZiel,1:cn,1199
2635,S_SteuerGruppe,1:cn,1199
2636,S_SteuerGruppe,1:cn,1199
2637,S_SteuerGruppe,1:cn,1199
2638,S_SteuerGruppe,1:cn,1199
2639,S_SteuerGruppe,1:cn,1199
2640,S_SteuerGruppe,1:cn,1199
2641,BU_Benutzer,1:cn,1199
2642,S_Branche,1:cn,1199
2643,S_Staat,1:cn,1199
2644,S_IncoTerm,1:cn,1200
2645,S_LieferBed,1:n,1201
2646,S_Lieferant,1:cn,1202
2647,S_RabZuArt,1:cn,1202
2648,S_RabZuArt,1:cn,1202
2649,S_RabZuArt,1:cn,1202
2650,S_RabZuArt,1:cn,1202
2651,S_RabZuArt,1:cn,1202
2652,S_LiefRabatt,1:n,1203
2653,S_LiefRabatt,1:cn,1204
2654,S_StaffelGruppe,1:cn,1204
2655,S_Lieferant,1:cn,1205
2656,S_LiefRabDatum,1:cn,1205
2657,S_Lohnart,1:n,1207
2658,S_Bezug,1:cn,1208
2659,S_MengenEinheit,1:n,1209
2660,S_Adresse,1:cn,1210
2661,M_Ressource,1:cn,1210
2662,S_KostenStelle,1:cn,1210
2663,S_Adresse,1:cn,1211
2664,M_Ressource,1:cn,1211
2665,S_Mitarbeiter,1:cn,1212
2666,S_Staat,1:cn,1212
2667,S_PreisGruppe,1:cn,1216
2668,S_ArtGruppe,1:cn,1217
2669,S_PreisBearb,1:cn,1217
2670,S_PreisEinheit,1:n,1219
2671,S_Waehrung,1:cn,1220
2672,S_PreisGruppe,1:n,1221
2673,BT_Art,1:cn,1222
2674,S_ProdGruppe,1:cn,1223
2675,S_ProdGruppe,1:n,1224
2676,S_RabZuArt,1:n,1226
2677,S_RechInt,1:n,1228
2678,S_Adresse,1:cn,1229
2679,S_Kunde,1:cn,1229
2680,SBC_Area,1:cn,1230
2681,S_Region,1:n,1231
2682,S_Region,1:cn,1232
2683,S_Vertreter,1:cn,1232
2684,S_RegionVertreter,1:cn,1233
2685,S_ArtProvision,1:cn,1234
2686,S_RegionVertreter,1:cn,1234
2687,S_Konto,1:c1,1235
2688,S_Konto,1:c1,1235
2689,S_Konto,1:c1,1235
2690,S_Konto,1:cn,1235
2691,S_Konto,1:cn,1235
2692,S_Konto,1:cn,1235
2693,S_Konto,1:cn,1235
2694,S_SammelKonto,1:n,1236
2695,S_Selektionscode,1:n,1238
2696,S_SNRArt,1:n,1240
2697,S_SNRArt,1:cn,1241
2698,S_SNRTyp,1:n,1243
2699,S_Sparte,1:n,1245
2700,S_Waehrung,1:cn,1246
2701,VC_Wettbewerber,1:01,1246
2702,SBC_Area,1:cn,1246
2703,S_Staat,1:n,1247
2704,S_StaffelGruppe,1:cn,1248
2705,S_StaffelGruppe,1:n,1250
2706,S_StBelegText,1:n,1252
2707,S_Konto,1:cn,1253
2708,S_Konto,1:cn,1253
2709,S_Konto,1:cn,1253
2710,S_Konto,1:cn,1253
2711,S_Konto,1:cn,1253
2712,S_Konto,1:cn,1253
2713,S_Konto,1:cn,1253
2714,S_Konto,1:cn,1253
2715,S_Konto,1:cn,1253
2716,S_Konto,1:cn,1253
2717,S_SteuerGruppe,1:n,1255
2718,S_Steuer,1:n,1256
2719,S_Bezug,1:cn,1257
2720,S_TrKoArt,1:cn,1257
2721,S_KostenArt,1:cn,1257
2722,S_Taetigkeit,1:n,1258
2723,S_Waehrung,1:cn,1259
2724,S_Bezug,1:cn,1261
2725,S_TrKoArt,1:cn,1261
2726,BBM_WflWorkGroup,1:cn,1261
2727,S_KostenArt,1:cn,1261
2728,S_KostenStelle,1:cn,1261
2729,S_TrKoArt,1:n,1262
2730,S_ProdGruppe,1:cn,1263
2731,S_Lieferant,1:cn,1264
2732,S_Kunde,1:cn,1264
2733,S_Kunde,1:c1,1265
2734,VC_Interessent,1:c1,1265
2735,S_Firma,1:cn,1266
2736,S_Konto,1:cn,1266
2737,S_VersandArt,1:n,1268
2738,S_Adresse,1:cn,1269
2739,S_Lieferant,1:cn,1269
2740,S_Konto,1:cn,1269
2741,BU_Benutzer,1:cn,1269
2742,S_Vertreter,1:cn,1270
2743,S_ArtProvision,1:cn,1271
2744,S_Vertreter,1:cn,1271
2745,S_Waehrung,1:n,1273
2746,S_ZahlZiel,1:n,1276
2747,S_Zeitmodel,1:cn,1277
2748,S_Zeitmodel,1:n,1279
2749,S_MengenEinheit,1:cn,1280
2750,S_ZolltarifNr,1:n,1281
2751,S_KoTraeger,1:cn,1282
2752,S_Bezug,1:cn,1282
2753,S_TrKoArt,1:cn,1282
2754,S_BuchJahr,1:cn,1282
2755,TB_Leistung,1:cn,1282
2756,TB_Salden,1:cn,1282
2757,S_KoTraeger,1:cn,1283
2758,S_TrKoArt,1:cn,1283
2759,S_KoTraeger,1:cn,1284
2760,S_TrKoArt,1:cn,1284
2761,T_KoTr_Variante,1:cn,1285
2762,S_BuchJahr,1:cn,1286
2763,S_BuchJahr,1:cn,1287
2764,TP_PlanVariante,1:n,1288
2765,IA_PlanVT,1:cn,1289
2766,S_KoTraeger,1:cn,1289
2767,S_Bezug,1:cn,1289
2768,TP_PlanVariante,1:cn,1289
2769,S_TrKoArt,1:cn,1289
2770,S_KoTraeger,1:cn,1290
2771,S_Bezug,1:cn,1290
2772,TP_PlanVariante,1:cn,1290
2773,S_TrKoArt,1:cn,1290
2774,S_KoTraeger,1:cn,1291
2775,S_Bezug,1:cn,1291
2776,S_TrKoArt,1:cn,1291
2777,S_BuchJahr,1:cn,1291
2778,TS_Kopf,1:cn,1291
2779,DBM_AppContext,1:01,1298
2780,BBM_WflWorkGroup,1:cn,1333
2781,S_LiefRabatt,1:cn,1386
2782,S_PreisEinheit,1:cn,1386
2783,T_KoTr_Variante,1:n,1500
2784,S_KoTraeger,1:cn,1501
2785,S_KoTraeger,1:cn,1501
2786,T_KoTr_Variante,1:cn,1501
2787,VC_MktAktion,1:cn,1503
2788,VC_InterAktivitaet,1:cn,1504
2789,VC_MktAktion,1:cn,1504
2790,VC_Adressat,1:c1,1504
2791,VC_Aktionstyp,1:cn,1504
2792,BU_Benutzer,1:cn,1504
2793,BU_Benutzer,1:cn,1504
2794,VC_Ergebnistyp,1:cn,1504
2795,VC_Aktion,1:c1,1505
2796,S_Staat,1:cn,1505
2797,VC_MktAktion,1:cn,1506
2798,VC_Aktionstyp,1:cn,1507
2799,VC_InterAktivitaet,1:cn,1509
2800,VC_Aktivitaet,1:n,1509
2801,VC_Aktionstyp,1:cn,1510
2802,VC_Aktivitaet,1:cn,1510
2803,VC_AktivTyp,1:cn,1511
2804,VC_Ergebnistyp,1:cn,1511
2805,VC_Branche,1:n,1513
2806,VC_Ergebnistyp,1:cn,1515
2807,VC_InterAktivitaet,1:cn,1516
2808,S_Ansprech,1:cn,1516
2809,S_Vertreter,1:cn,1517
2810,VC_Interessent,1:cn,1517
2811,VC_Aktivitaet,1:cn,1517
2812,VC_InterAktivitaet,1:cn,1518
2813,S_ArtGruppe,1:cn,1518
2814,VC_InterAktivitaet,1:cn,1519
2815,VC_Interessent,1:cn,1520
2816,VC_Branche,1:cn,1520
2817,S_LieferBed,1:cn,1521
2818,S_Bank,1:cn,1521
2819,S_VersandArt,1:cn,1521
2820,S_Adresse,1:cn,1521
2821,S_Region,1:cn,1521
2822,S_Konzern,1:cn,1521
2823,S_KunRabatt,1:cn,1521
2824,S_Verband,1:cn,1521
2825,S_Waehrung,1:cn,1521
2826,S_ZahlZiel,1:cn,1521
2827,S_SteuerGruppe,1:cn,1521
2828,S_SteuerGruppe,1:cn,1521
2829,BU_Benutzer,1:cn,1521
2830,S_Branche,1:cn,1521
2831,VC_Branche,1:cn,1521
2832,S_PreisGruppe,1:cn,1521
2833,S_Staat,1:cn,1521
2834,S_Vertreter,1:cn,1522
2835,VC_Interessent,1:cn,1522
2836,VC_InterVtrHist,1:cn,1524
2837,VC_InterAktivitaet,1:cn,1525
2838,VC_Wettbewerber,1:cn,1525
2839,VC_Interessent,1:c1,1526
2840,VC_Kontaktklasse,1:n,1527
2841,VC_MktAktion,1:n,1529
2842,VC_MktAktion,1:cn,1530
2843,VC_VertGebiet,1:cn,1532
2844,VC_VertGebiet,1:n,1533
2845,S_Vertreter,1:cn,1534
2846,VC_VertGebiet,1:cn,1534
2847,S_Artikel,1:cn,1536
2848,S_Artikel,1:cn,1537
2849,VP_Grenze,1:n,1538
2850,VP_Grenze,1:cn,1540
2851,S_ArtGruppe,1:cn,1541
2852,S_Artikel,1:cn,1541
2853,BG_FKopf,1:cn,1544
2854,S_Kunde,1:cn,1544
2855,VC_Interessent,1:cn,1544
2856,MMM_CusRefOrder,1:cn,1544
2857,BBM_WflWorkGroup,1:cn,1544
2858,BU_Benutzer,1:cn,1544
2859,MS_ServiceObjekt,1:cn,1544
2860,JBT_Project,1:cn,1544
2861,S_Ansprech,1:cn,1545
2862,VST_Call,1:cn,1545
2863,VST_CallErrorKind,1:cn,1546
2864,VST_CallPosition,1:cn,1547
2865,BU_Benutzer,1:cn,1548
2866,VST_Call,1:cn,1548
2867,VSM_HandlingType,1:cn,1548
2868,VST_CallHandling,1:cn,1549
2869,VST_CallPosition,1:cn,1549
2870,VST_Call,1:cn,1549
2871,VST_Call,1:cn,1550
2872,VST_CallLetter,1:cn,1551
2873,S_MengenEinheit,1:cn,1552
2874,MMM_CusRefOrder,1:cn,1552
2875,S_Artikel,1:cn,1552
2876,VST_Call,1:cn,1552
2877,S_Artikel,1:cn,1553
2878,VST_MaintContractPos,1:cn,1553
2879,VST_MaintContract,1:cn,1553
2880,V_BelegPos,1:cn,1554
2881,VST_MaintContractPos,1:cn,1554
2882,VST_MaintContractPos,1:cn,1554
2883,VST_MaintContract,1:cn,1554
2884,S_LieferBed,1:cn,1555
2885,S_KoTraeger,1:cn,1555
2886,S_KoTraeger,1:cn,1555
2887,S_Bezug,1:cn,1555
2888,ML_Ort,1:cn,1555
2889,ML_Ort,1:cn,1555
2890,ML_Ort,1:cn,1555
2891,S_VersandArt,1:cn,1555
2892,S_Lieferant,1:cn,1555
2893,S_Konto,1:cn,1555
2894,S_ErgTraeger,1:cn,1555
2895,S_ErgTraeger,1:cn,1555
2896,MMM_CusRefOrder,1:cn,1555
2897,M_Aktivitaet,1:cn,1555
2898,S_ZolltarifNr,1:cn,1555
2899,VST_MaintContPlan,1:cn,1555
2900,S_Lieferant,1:cn,1557
2901,M_RessAltGr,1:cn,1557
2902,M_Ressource,1:cn,1557
2903,VST_MaintContMCA,1:cn,1557
2904,S_KoTraeger,1:cn,1558
2905,S_KoTraeger,1:cn,1558
2906,S_KoTraeger,1:cn,1558
2907,S_KoTraeger,1:cn,1558
2908,S_KoTraeger,1:cn,1558
2909,S_KoTraeger,1:cn,1558
2910,S_Konto,1:cn,1558
2911,S_Konto,1:cn,1558
2912,S_Konto,1:cn,1558
2913,S_ErgTraeger,1:cn,1558
2914,S_ErgTraeger,1:cn,1558
2915,S_ErgTraeger,1:cn,1558
2916,S_ErgTraeger,1:cn,1558
2917,S_ErgTraeger,1:cn,1558
2918,S_ErgTraeger,1:cn,1558
2919,S_BetrKalender,1:cn,1558
2920,S_BetrKalender,1:cn,1558
2921,MSM_ActivityType,1:cn,1558
2922,S_Artikel,1:cn,1558
2923,S_Artikel,1:cn,1558
2924,S_Artikel,1:cn,1558
2925,VST_MaintContractPos,1:cn,1558
2926,VS_AuftragPos,1:c1,1559
2927,MS_SNR,1:cn,1559
2928,MS_SNRLeistung,1:cn,1559
2929,MSM_SNROutputPlan,1:cn,1559
2930,VST_MaintContPlan,1:cn,1559
2931,VS_Berichtsart,1:cn,1560
2932,VST_MaintContPlan,1:cn,1560
2933,S_LieferBed,1:cn,1561
2934,S_KoTraeger,1:cn,1561
2935,S_KoTraeger,1:cn,1561
2936,ML_Ort,1:cn,1561
2937,S_VersandArt,1:cn,1561
2938,S_Konzern,1:cn,1561
2939,S_KunRabatt,1:cn,1561
2940,S_Kunde,1:cn,1561
2941,S_Verband,1:cn,1561
2942,S_AuftragsArt,1:cn,1561
2943,S_Waehrung,1:cn,1561
2944,S_ErgTraeger,1:cn,1561
2945,S_ErgTraeger,1:cn,1561
2946,S_BetrKalender,1:cn,1561
2947,S_BetrKalender,1:cn,1561
2948,VC_Interessent,1:cn,1561
2949,S_ZahlZiel,1:cn,1561
2950,MMM_CusRefOrder,1:cn,1561
2951,BBM_WflWorkGroup,1:cn,1561
2952,S_UStID,1:cn,1561
2953,M_Ressource,1:cn,1561
2954,S_Ansprech,1:cn,1561
2955,MS_ServiceObjekt,1:cn,1561
2956,ML_Lagergruppe,1:cn,1561
2957,S_PreisGruppe,1:cn,1561
2958,JBT_Project,1:cn,1561
2959,S_ArtVar,1:cn,1562
2960,MS_SNR,1:cn,1562
2961,M_Ressource,1:cn,1562
2962,S_Artikel,1:cn,1562
2963,S_SNRArt,1:cn,1562
2964,VST_MaintContract,1:cn,1562
2965,S_Vertreter,1:cn,1563
2966,S_LieferBed,1:cn,1564
2967,S_BelegArt,1:cn,1564
2968,ML_Ort,1:cn,1564
2969,S_VersandArt,1:cn,1564
2970,S_Konzern,1:cn,1564
2971,S_KunRabatt,1:cn,1564
2972,S_Kunde,1:cn,1564
2973,S_Verband,1:cn,1564
2974,S_AuftragsArt,1:cn,1564
2975,S_Waehrung,1:cn,1564
2976,VC_Interessent,1:cn,1564
2977,BU_Benutzer,1:cn,1564
2978,M_Ressource,1:cn,1564
2979,MS_ServiceObjekt,1:cn,1564
2980,ML_Lagergruppe,1:cn,1564
2981,S_PreisGruppe,1:cn,1564
2982,JBT_Project,1:cn,1564
2983,S_BelegArt,1:cn,1565
2984,S_Adresse,1:cn,1565
2985,VS_Auftrag,1:cn,1565
2986,S_Staat,1:cn,1565
2987,VS_Auftrag,1:cn,1565
2988,VS_Auftrag,1:cn,1565
2989,VS_Auftrag,1:cn,1565
2990,VS_Auftrag,1:cn,1565
2991,VS_Auftrag,1:cn,1565
2992,VS_AuftragPos,1:cn,1566
2993,VS_AuftragPos,1:cn,1566
2994,S_BelegArt,1:cn,1566
2995,VS_Berichtsart,1:cn,1566
2996,VS_FArt,1:cn,1567
2997,VS_AuftragPos,1:cn,1567
2998,S_BelegArt,1:cn,1567
2999,S_BelegArt,1:cn,1568
3000,VS_AuftragFArt,1:cn,1568
3001,VS_FUrsache,1:cn,1568
3002,VS_AuftragPos,1:cn,1569
3003,S_BelegArt,1:cn,1569
3004,S_BelegArt,1:cn,1569
3005,ML_Ort,1:cn,1569
3006,ML_Ort,1:cn,1569
3007,ML_Ort,1:cn,1569
3008,S_VersandArt,1:cn,1569
3009,S_MengenEinheit,1:cn,1569
3010,S_Konto,1:cn,1569
3011,S_IntraHandel,1:cn,1569
3012,S_ArtRabatt,1:cn,1569
3013,S_RabZuArt,1:cn,1569
3014,S_RabZuArt,1:cn,1569
3015,S_RabZuArt,1:cn,1569
3016,S_RabZuArt,1:cn,1569
3017,S_RabZuArt,1:cn,1569
3018,S_Aktion,1:cn,1569
3019,M_Ressource,1:cn,1569
3020,S_Artikel,1:cn,1569
3021,S_PreisEinheit,1:cn,1569
3022,S_BelegArt,1:cn,1570
3023,S_Vertreter,1:cn,1570
3024,VS_AuftragMKT,1:cn,1570
3025,S_BelegArt,1:cn,1571
3026,S_BelegArt,1:cn,1571
3027,S_MengenEinheit,1:cn,1571
3028,S_Konto,1:cn,1571
3029,S_Konto,1:cn,1571
3030,S_Konto,1:cn,1571
3031,S_ArtRabatt,1:cn,1571
3032,S_ArtRabatt,1:cn,1571
3033,S_ArtRabatt,1:cn,1571
3034,MS_SNR,1:cn,1571
3035,MS_SNR,1:cn,1571
3036,MS_SNR,1:cn,1571
3037,MS_SNR,1:cn,1571
3038,VS_Auftrag,1:cn,1571
3039,S_RabZuArt,1:cn,1571
3040,S_RabZuArt,1:cn,1571
3041,S_RabZuArt,1:cn,1571
3042,S_RabZuArt,1:cn,1571
3043,S_RabZuArt,1:cn,1571
3044,S_RabZuArt,1:cn,1571
3045,S_RabZuArt,1:cn,1571
3046,S_RabZuArt,1:cn,1571
3047,S_RabZuArt,1:cn,1571
3048,S_RabZuArt,1:cn,1571
3049,S_RabZuArt,1:cn,1571
3050,S_RabZuArt,1:cn,1571
3051,S_RabZuArt,1:cn,1571
3052,S_RabZuArt,1:cn,1571
3053,S_RabZuArt,1:cn,1571
3054,S_Aktion,1:cn,1571
3055,S_Aktion,1:cn,1571
3056,S_Aktion,1:cn,1571
3057,S_Artikel,1:cn,1571
3058,S_Artikel,1:cn,1571
3059,S_Artikel,1:cn,1571
3060,S_Artikel,1:cn,1571
3061,S_SNRArt,1:cn,1571
3062,S_SNRArt,1:cn,1571
3063,S_PreisEinheit,1:cn,1571
3064,S_PreisEinheit,1:cn,1571
3065,S_PreisEinheit,1:cn,1571
3066,VS_AuftragPos,1:cn,1572
3067,S_BelegArt,1:cn,1572
3068,S_Vertreter,1:cn,1572
3069,VS_AuftragPos,1:cn,1573
3070,S_BelegArt,1:cn,1573
3071,ML_Ort,1:cn,1573
3072,S_MengenEinheit,1:cn,1573
3073,S_Konto,1:cn,1573
3074,S_ArtRabatt,1:cn,1573
3075,MS_SNR,1:cn,1573
3076,MS_SNR,1:cn,1573
3077,MS_SNR,1:cn,1573
3078,MS_SNR,1:cn,1573
3079,S_RabZuArt,1:cn,1573
3080,S_RabZuArt,1:cn,1573
3081,S_RabZuArt,1:cn,1573
3082,S_RabZuArt,1:cn,1573
3083,S_RabZuArt,1:cn,1573
3084,MS_ProdAktePos,1:cn,1573
3085,MS_ProdAktePos,1:cn,1573
3086,S_Aktion,1:cn,1573
3087,S_Artikel,1:cn,1573
3088,S_Artikel,1:cn,1573
3089,S_SNRArt,1:cn,1573
3090,S_SNRArt,1:cn,1573
3091,S_PreisEinheit,1:cn,1573
3092,S_BelegArt,1:cn,1574
3093,S_Vertreter,1:cn,1574
3094,VS_Auftrag,1:cn,1574
3095,VS_Berichtsart,1:n,1576
3096,VS_FArt,1:n,1578
3097,VS_FArt,1:n,1579
3098,VS_FUrsache,1:cn,1579
3099,VS_FUrsache,1:n,1581
3100,MA_Prozess,1:cn,1582
3101,VS_Berichtsart,1:cn,1582
3102,S_Artikel,1:cn,1582
3103,V_BelegPos,1:cn,1584
3104,S_MengenEinheit,1:cn,1584
3105,V_BelegPos,1:cn,1586
3106,VU_RA_Abruf,1:cn,1586
3107,S_MengenEinheit,1:cn,1587
3108,VU_RA_Abruf,1:cn,1587
3109,V_BelegPos,1:cn,1588
3110,S_RabZuArt,1:cn,1588
3111,S_RabZuArt,1:cn,1588
3112,S_RabZuArt,1:cn,1588
3113,S_RabZuArt,1:cn,1588
3114,S_RabZuArt,1:cn,1588
3115,S_RabZuArt,1:cn,1588
3116,S_RabZuArt,1:cn,1588
3117,S_RabZuArt,1:cn,1588
3118,S_RabZuArt,1:cn,1588
3119,S_RabZuArt,1:cn,1588
3120,V_AngKalk,1:cn,1590
3121,V_AngKalk,1:cn,1591
3122,V_BelegPosVert,1:cn,1592
3123,V_BelegPos,1:cn,1593
3124,V_BelegKopf,1:cn,1593
3125,V_BelegKopf,1:cn,1594
3126,V_BelegKopf,1:cn,1595
3127,V_BelegPos,1:cn,1596
3128,V_BelegKopf,1:cn,1596
3129,S_LieferBed,1:cn,1597
3130,S_BelegArt,1:cn,1597
3131,S_BelegArt,1:cn,1597
3132,S_BelegArt,1:cn,1597
3133,S_Bank,1:cn,1597
3134,ML_Ort,1:cn,1597
3135,S_VersandArt,1:cn,1597
3136,S_VersandArt,1:cn,1597
3137,VC_InterBelegKopf,1:01,1597
3138,S_Konzern,1:cn,1597
3139,S_KunRabatt,1:cn,1597
3140,S_Kunde,1:cn,1597
3141,S_Verband,1:cn,1597
3142,S_AuftragsArt,1:cn,1597
3143,S_Waehrung,1:cn,1597
3144,VS_Auftrag,1:cn,1597
3145,VC_Interessent,1:cn,1597
3146,S_ZahlZiel,1:cn,1597
3147,BU_Benutzer,1:cn,1597
3148,ML_Lagergruppe,1:cn,1597
3149,S_PreisGruppe,1:cn,1597
3150,SBM_BankDataAcc,1:cn,1597
3151,JBT_Project,1:cn,1597
3152,S_Adresse,1:cn,1598
3153,V_BelegKopf,1:cn,1598
3154,V_BelegKopf,1:c1,1598
3155,V_BelegKopf,1:c1,1598
3156,V_BelegKopf,1:c1,1598
3157,V_BelegKopf,1:c1,1598
3158,S_Staat,1:cn,1598
3159,S_Vertreter,1:cn,1599
3160,V_BelegKopf,1:cn,1599
3161,S_LieferBed,1:cn,1600
3162,S_BelegArt,1:cn,1600
3163,S_BelegArt,1:cn,1600
3164,ML_Ort,1:cn,1600
3165,ML_Ort,1:cn,1600
3166,S_MengenEinheit,1:cn,1600
3167,S_Konto,1:cn,1600
3168,S_IntraHandel,1:cn,1600
3169,S_ArtRabatt,1:cn,1600
3170,VS_AuftragMKT,1:cn,1600
3171,S_RabZuArt,1:cn,1600
3172,S_RabZuArt,1:cn,1600
3173,S_RabZuArt,1:cn,1600
3174,S_RabZuArt,1:cn,1600
3175,S_RabZuArt,1:cn,1600
3176,S_RabZuArt,1:cn,1600
3177,S_RabZuArt,1:cn,1600
3178,S_RabZuArt,1:cn,1600
3179,S_RabZuArt,1:cn,1600
3180,S_RabZuArt,1:cn,1600
3181,S_Aktion,1:cn,1600
3182,V_BelegKopf,1:cn,1600
3183,S_Artikel,1:cn,1600
3184,S_Artikel,1:cn,1600
3185,S_EAN,1:cn,1600
3186,S_PreisEinheit,1:cn,1600
3187,V_BelegPos,1:cn,1601
3188,ER_BelegPos,1:cn,1601
3189,V_BelegPos,1:cn,1602
3190,S_Vertreter,1:cn,1602
3191,V_BelegPos,1:cn,1603
3192,ML_Ort,1:cn,1603
3193,S_Artikel,1:cn,1603
3194,V_BelegKopf,1:cn,1604
3195,V_Journal,1:cn,1605
3196,V_BelegKopf,1:c1,1606
3197,V_SendungKopf,1:cn,1608
3198,V_SendungKopf,1:cn,1608
3199,V_SendungKopf,1:cn,1608
3200,V_SendungKopf,1:cn,1608
3201,V_SendungKopf,1:cn,1608
3202,S_Adresse,1:cn,1609
3203,S_Lieferant,1:cn,1609
3204,DRC_WebApplication,1:cn,1611
3205,WBC_Instance,1:cn,1612
3206,BBC_DynQueryField,1:cn,1612
3207,WBC_Configuration,1:cn,1614
3208,DRC_WebAppComp,1:cn,1614
3209,BU_Benutzer,1:cn,1615
3210,WBC_Configuration,1:cn,1615
3211,S_BelegArt,1:cn,1616
3212,WBC_UserEntry,1:cn,1616
3213,WBC_UserEntry,1:cn,1617
3214,DRC_WebApplication,1:cn,1618
3215,WBC_UserEntry,1:cn,1619
3216,WBM_WebAnalyzer,1:cn,1619
3217,P_Zeichnung,1:01,1622
3218,WB_Pict,1:n,1624
3219,WS_Kunde,1:n,1625
3220,S_Adresse,1:01,1625
3221,WS_Firma,1:cn,1626
3222,S_Artikel,1:cn,1627
3223,WS_Firma,1:cn,1627
3224,WS_Artikel,1:n,1628
3225,WS_Bestellung,1:n,1630
3226,WS_Bestellung,1:n,1631
3227,WS_Artikel,1:cn,1631
3228,ML_Ort,1:cn,1632
3229,S_Firma,1:01,1632
3230,S_ProdGruppe,1:cn,1632
3231,S_AuftragsArt,1:cn,1632
3232,BU_Benutzer,1:cn,1632
3233,S_PreisGruppe,1:cn,1632
3234,S_Kunde,1:cn,1633
3235,WS_Firma,1:cn,1633
